ID_MetodoPago,TipoPago,NombreBanco,FechaExpiracion
1,jcb,Kulas-Sanford,2027-05
2,jcb,Yost Inc,2028-02
3,visa,Greenholt-Wiza,2028-02
4,americanexpress,Toy LLC,2027-11
5,maestro,Jacobson and Sons,2026-06
6,jcb,Jones-Champlin,2027-07
7,jcb,"Emard, Sporer and Pfannerstill",2028-06
8,visa-electron,Aufderhar LLC,2027-06
9,diners-club-enroute,"Schultz, Barrows and Purdy",2026-02
10,diners-club-carte-blanche,Feest-Ziemann,2027-05
11,americanexpress,"Welch, Lehner and Medhurst",2026-11
12,maestro,"Lesch, Witting and McDermott",2026-02
13,jcb,"Kozey, Turner and Baumbach",2028-03
14,diners-club-enroute,"Hoppe, Lindgren and Stiedemann",2026-11
15,diners-club-carte-blanche,Daniel-Kertzmann,2028-02
16,mastercard,Osinski Inc,2026-03
17,jcb,Emard-Prosacco,2027-03
18,jcb,McDermott-Roob,2027-12
19,bankcard,Fahey LLC,2028-03
20,jcb,Moore LLC,2026-02
21,jcb,Senger-Towne,2027-10
22,jcb,"Gottlieb, Weissnat and Koepp",2025-12
23,diners-club-carte-blanche,Osinski and Sons,2026-10
24,diners-club-enroute,"Fadel, Simonis and Cremin",2026-12
25,mastercard,"Altenwerth, Barrows and Fadel",2028-06
26,maestro,Jones-Shanahan,2028-03
27,jcb,Ankunding Inc,2027-02
28,jcb,Dooley LLC,2027-08
29,mastercard,Abernathy-Schmidt,2026-02
30,bankcard,"Nader, Will and Hills",2027-08
31,mastercard,Senger-Gulgowski,2027-01
32,jcb,Glover-Ritchie,2027-12
33,jcb,Corwin-West,2026-04
34,visa,VonRueden and Sons,2026-09
35,jcb,Zemlak Inc,2025-11
36,jcb,Medhurst Inc,2026-12
37,mastercard,Bashirian-Erdman,2026-11
38,switch,Morar Inc,2026-03
39,jcb,Schoen and Sons,2027-01
40,maestro,Rohan and Sons,2027-03
41,diners-club-enroute,"Powlowski, Mann and Wisoky",2028-03
42,jcb,"Conroy, Thompson and Witting",2028-08
43,jcb,Volkman and Sons,2026-03
44,mastercard,"Streich, Reinger and Green",2025-12
45,diners-club-carte-blanche,Leffler-Fritsch,2028-05
46,switch,McGlynn and Sons,2026-10
47,solo,Harvey LLC,2027-09
48,switch,Dooley-Upton,2027-11
49,visa,Donnelly-West,2028-01
50,mastercard,"Ritchie, DuBuque and Schowalter",2026-02
51,americanexpress,Quitzon-Larkin,2027-03
52,jcb,O'Hara-Cole,2026-04
53,china-unionpay,Stiedemann and Sons,2027-09
54,maestro,"Runolfsdottir, Senger and Graham",2027-04
55,visa-electron,Funk-Braun,2026-08
56,jcb,"Hoppe, Abbott and Jenkins",2026-09
57,instapayment,"Goodwin, Lueilwitz and Torphy",2026-09
58,jcb,"Crooks, D'Amore and Heaney",2027-04
59,diners-club-carte-blanche,Predovic Inc,2027-02
60,laser,O'Connell and Sons,2027-10
61,jcb,Funk-Gleason,2026-12
62,diners-club-us-ca,Okuneva Group,2027-01
63,visa-electron,Cummerata and Sons,2026-04
64,jcb,"Rau, Hessel and Kemmer",2028-04
65,mastercard,Kuhn-Swaniawski,2026-04
66,laser,"Mraz, Carroll and Emard",2026-07
67,jcb,"Langworth, Padberg and Olson",2026-06
68,jcb,Beatty Inc,2026-06
69,mastercard,Christiansen Inc,2027-08
70,americanexpress,Block-Kulas,2027-03
71,mastercard,"Kerluke, Sawayn and Trantow",2027-08
72,maestro,Lebsack Inc,2027-12
73,visa,Bechtelar and Sons,2026-11
74,visa,Wolf-Klein,2028-07
75,jcb,"Rodriguez, Pfeffer and Koss",2026-04
76,diners-club-enroute,Grimes-Hegmann,2025-11
77,jcb,Donnelly Inc,2027-12
78,jcb,Kiehn-Dach,2026-02
79,mastercard,Tremblay Inc,2028-02
80,visa-electron,Muller-Konopelski,2028-01
81,solo,Yundt Group,2027-06
82,maestro,Hamill-Dare,2027-11
83,jcb,"Beahan, Schulist and Shields",2027-09
84,switch,Schoen-Hilpert,2026-03
85,mastercard,"Stamm, Auer and Parisian",2026-07
86,americanexpress,Wisozk Group,2027-03
87,jcb,"Bailey, Schoen and Mayert",2026-03
88,jcb,"Graham, Rohan and Pacocha",2027-04
89,jcb,Hahn-Hackett,2028-07
90,bankcard,Hilpert-Stehr,2026-03
91,diners-club-enroute,Barrows LLC,2026-10
92,maestro,"Feest, Monahan and Howell",2026-11
93,maestro,Miller Inc,2028-05
94,jcb,Denesik LLC,2028-07
95,jcb,Aufderhar Inc,2028-08
96,americanexpress,"Okuneva, Luettgen and Schiller",2026-04
97,jcb,"Tromp, Aufderhar and Botsford",2026-01
98,mastercard,"Halvorson, Gleichner and Bins",2026-01
99,jcb,Crooks-Towne,2027-03
100,jcb,"Wisoky, Bernier and Quigley",2027-05
101,maestro,Schuppe-Morissette,2026-01
102,jcb,Lueilwitz Inc,2028-07
103,jcb,Dare Inc,2026-10
104,maestro,"Dibbert, Gerhold and Skiles",2027-03
105,jcb,"Durgan, Hudson and Hoppe",2026-01
106,jcb,Kautzer-Wilderman,2026-03
107,switch,"Ziemann, Upton and Kiehn",2027-11
108,bankcard,"Parisian, Murazik and Gislason",2027-12
109,mastercard,"Kutch, Schmitt and Stehr",2026-01
110,diners-club-carte-blanche,Schinner-Cartwright,2026-03
111,jcb,Raynor LLC,2026-10
112,americanexpress,Torp LLC,2027-03
113,jcb,Kub Inc,2028-08
114,visa-electron,"Hodkiewicz, Koelpin and Hettinger",2026-03
115,jcb,Hamill-Auer,2028-01
116,jcb,Willms Inc,2028-07
117,jcb,Monahan-Cronin,2028-08
118,jcb,"Stehr, Pacocha and Wilkinson",2025-11
119,maestro,Cruickshank-Fadel,2026-06
120,mastercard,Kirlin-Johns,2028-02
121,mastercard,Ankunding and Sons,2027-04
122,mastercard,Hickle Inc,2028-01
123,mastercard,Upton-Murray,2027-08
124,visa,Pouros-Jacobson,2027-06
125,jcb,Kub Inc,2026-01
126,visa-electron,Balistreri LLC,2027-11
127,diners-club-enroute,Upton LLC,2027-08
128,switch,Williamson-Kilback,2026-05
129,bankcard,Welch-Heaney,2027-12
130,jcb,Marks-Kuphal,2026-01
131,mastercard,Mante-Dietrich,2027-03
132,jcb,"Howell, Littel and Schiller",2028-05
133,mastercard,Pagac Group,2028-04
134,bankcard,Bechtelar LLC,2028-01
135,jcb,Haley-Dooley,2028-05
136,diners-club-enroute,"Greenholt, Braun and West",2026-08
137,maestro,"MacGyver, Lang and Halvorson",2028-05
138,maestro,Rogahn-Champlin,2027-03
139,maestro,"Johns, Grant and Braun",2026-11
140,china-unionpay,"Berge, McKenzie and Quigley",2026-09
141,visa-electron,"Jones, Greenholt and Quigley",2028-06
142,maestro,Yost LLC,2028-05
143,maestro,Greenholt Group,2026-08
144,mastercard,Upton Inc,2028-06
145,jcb,Koepp-Stokes,2026-09
146,laser,"Casper, Welch and Blick",2025-11
147,maestro,"Hane, Hessel and Kling",2026-12
148,bankcard,Buckridge and Sons,2028-01
149,instapayment,McKenzie Inc,2028-01
150,visa-electron,Willms-Ferry,2028-07
151,mastercard,"Breitenberg, Botsford and Marks",2027-12
152,jcb,Marquardt and Sons,2026-10
153,jcb,"Bartell, Boyle and Deckow",2028-08
154,diners-club-carte-blanche,Flatley-Crooks,2028-02
155,jcb,Cummings and Sons,2027-04
156,diners-club-enroute,"Brakus, Effertz and Nolan",2027-04
157,jcb,"Stracke, Yundt and Ward",2028-06
158,diners-club-enroute,Klein LLC,2026-07
159,jcb,Wintheiser-Roberts,2028-04
160,visa-electron,Murray Inc,2026-04
161,jcb,Pfannerstill-Schimmel,2026-08
162,mastercard,"Pfannerstill, Rogahn and Moen",2028-06
163,switch,Kub LLC,2028-03
164,maestro,Schoen-Vandervort,2027-10
165,jcb,"Swift, Grimes and Bailey",2026-03
166,jcb,Mueller Group,2026-12
167,diners-club-enroute,Daugherty and Sons,2027-05
168,jcb,"Olson, Spencer and Glover",2027-04
169,mastercard,Botsford-Heidenreich,2027-12
170,visa,Hodkiewicz-Hansen,2028-04
171,visa-electron,Skiles Inc,2027-09
172,jcb,"Purdy, Langosh and Rutherford",2026-01
173,diners-club-enroute,"Davis, Daugherty and Kuphal",2027-01
174,jcb,Towne-Labadie,2027-11
175,diners-club-carte-blanche,Ernser and Sons,2027-06
176,switch,"Yost, Kautzer and Hamill",2028-01
177,jcb,Goldner Inc,2026-05
178,switch,Stiedemann Group,2027-02
179,diners-club-enroute,"Krajcik, Gislason and Jast",2026-11
180,mastercard,"Swaniawski, Senger and Predovic",2026-09
181,visa-electron,Johns-Pagac,2026-06
182,jcb,Toy-Walter,2027-12
183,americanexpress,Hamill Inc,2027-09
184,mastercard,"Aufderhar, Windler and Von",2027-05
185,jcb,Reilly-Brakus,2026-02
186,jcb,Fay-Rosenbaum,2026-02
187,visa-electron,"Rosenbaum, Quitzon and Braun",2027-10
188,jcb,"MacGyver, Ward and Turcotte",2027-03
189,mastercard,Hane Group,2026-05
190,switch,Kutch Inc,2027-02
191,mastercard,Baumbach-Effertz,2028-04
192,mastercard,Feil-Gottlieb,2028-10
193,maestro,"Breitenberg, Grant and Schaden",2026-08
194,jcb,Orn-Wintheiser,2026-03
195,americanexpress,Reynolds Inc,2027-09
196,bankcard,Mayert Group,2026-08
197,maestro,Kunde Inc,2027-10
198,switch,Ruecker-Brown,2025-10
199,jcb,VonRueden LLC,2028-04
200,mastercard,Langworth-Rolfson,2027-12
201,mastercard,Beatty-Kshlerin,2026-02
202,visa,Lowe LLC,2028-10
203,jcb,"Dickens, Blick and Kuphal",2027-01
204,diners-club-carte-blanche,Bruen-Pfannerstill,2026-03
205,jcb,Buckridge-Mertz,2027-04
206,jcb,"Kub, Dach and Davis",2027-09
207,jcb,Veum-Botsford,2027-10
208,jcb,"Jacobson, Pfannerstill and Murphy",2026-04
209,jcb,Klocko Group,2028-07
210,china-unionpay,"Ruecker, Schaden and Dooley",2028-02
211,bankcard,Brakus-Waelchi,2027-10
212,jcb,"Mraz, Skiles and Sanford",2025-12
213,jcb,"Gorczany, Veum and Bauch",2028-05
214,jcb,Greenholt LLC,2026-08
215,jcb,Wintheiser-Johns,2028-05
216,jcb,"Wisozk, Beatty and Bergnaum",2028-04
217,diners-club-carte-blanche,Fisher Inc,2028-07
218,americanexpress,Wisoky Group,2027-04
219,china-unionpay,O'Kon LLC,2027-01
220,jcb,"Zboncak, Turcotte and Crist",2026-03
221,laser,"Rutherford, Schiller and Abbott",2028-03
222,jcb,McDermott Group,2027-06
223,jcb,Hudson Inc,2026-04
224,jcb,"Rogahn, Lebsack and Boyer",2026-02
225,visa-electron,Grant-Hessel,2027-05
226,jcb,"Hudson, Kerluke and Ruecker",2027-11
227,mastercard,Crooks-Fahey,2025-11
228,diners-club-enroute,MacGyver LLC,2028-07
229,jcb,"Moen, Williamson and Shanahan",2027-03
230,jcb,"Rohan, Padberg and Morissette",2027-04
231,jcb,"Pfeffer, Bayer and Runolfsdottir",2027-03
232,switch,Smith-Lang,2027-02
233,instapayment,"Will, Crona and Ondricka",2028-07
234,diners-club-enroute,Lowe-VonRueden,2027-04
235,americanexpress,Aufderhar and Sons,2028-01
236,jcb,"Davis, Miller and Williamson",2026-03
237,mastercard,Jenkins Group,2027-09
238,mastercard,Bins-Beer,2026-03
239,jcb,"Reinger, Huel and Schuster",2026-12
240,jcb,Muller-Kohler,2027-10
241,jcb,Nolan Group,2026-03
242,jcb,"Brakus, Bergnaum and Weber",2027-04
243,visa,Thiel-Jenkins,2026-07
244,diners-club-us-ca,"Rodriguez, Brekke and Abshire",2027-03
245,jcb,Heller and Sons,2027-08
246,jcb,"Pagac, Hessel and Armstrong",2028-08
247,solo,"Koch, Blanda and Price",2027-04
248,maestro,Friesen-Waelchi,2027-07
249,jcb,Reinger LLC,2026-01
250,switch,Simonis LLC,2027-07
251,diners-club-enroute,Hane LLC,2027-08
252,visa-electron,"Dickens, Stark and Deckow",2026-08
253,jcb,Aufderhar Group,2026-06
254,visa,Schimmel and Sons,2027-04
255,mastercard,Simonis Inc,2025-10
256,jcb,Graham LLC,2028-02
257,jcb,Boehm and Sons,2028-06
258,mastercard,Brekke LLC,2028-02
259,visa-electron,Stroman-Jacobs,2027-04
260,diners-club-us-ca,Erdman Group,2026-03
261,maestro,Leannon-Feest,2028-03
262,jcb,Carter LLC,2028-10
263,jcb,"Ferry, Ullrich and Connelly",2028-10
264,mastercard,"Reynolds, Stanton and Waters",2028-03
265,jcb,"Gerhold, Friesen and Rowe",2027-10
266,jcb,Batz-Schuppe,2027-10
267,diners-club-enroute,"Flatley, Beier and Howe",2026-06
268,jcb,Hudson LLC,2025-11
269,visa-electron,"Rutherford, Schoen and Langosh",2026-06
270,jcb,Oberbrunner-Lehner,2026-10
271,jcb,Price LLC,2026-07
272,americanexpress,Rodriguez-Brakus,2028-05
273,jcb,Strosin Group,2026-08
274,jcb,"Gutkowski, Lehner and Quitzon",2027-12
275,jcb,"Armstrong, Turner and Koelpin",2027-12
276,americanexpress,Hackett-McDermott,2028-09
277,bankcard,Herzog-Conroy,2028-01
278,jcb,Schmidt-Kerluke,2026-11
279,china-unionpay,"Harris, Marvin and Bechtelar",2028-05
280,jcb,Hoppe Inc,2025-12
281,china-unionpay,Hudson-Hudson,2026-03
282,jcb,Koch-Schimmel,2028-08
283,mastercard,Beahan-Gutmann,2028-01
284,jcb,Rogahn and Sons,2027-09
285,visa,Jakubowski-Kuhn,2027-01
286,mastercard,"Ebert, Hilll and Balistreri",2027-01
287,jcb,Roob-Wiegand,2028-05
288,maestro,"Bogan, Willms and Nicolas",2028-03
289,jcb,Pagac-Bode,2027-02
290,jcb,Erdman Group,2026-01
291,visa-electron,Miller Group,2027-04
292,jcb,Gleichner-Waelchi,2026-03
293,jcb,"Ziemann, Bruen and Murazik",2027-12
294,jcb,"Dickens, Schroeder and Pfeffer",2026-09
295,mastercard,Ullrich-Konopelski,2026-12
296,jcb,Kuvalis-Bradtke,2028-03
297,jcb,"Sipes, Koss and Parisian",2027-11
298,jcb,Bartoletti-Price,2027-09
299,jcb,"Mueller, Becker and Gottlieb",2027-02
300,jcb,"Hauck, Botsford and Adams",2028-04
301,visa,"Okuneva, Corkery and Friesen",2028-05
302,mastercard,Roob LLC,2027-05
303,americanexpress,Lehner-Reinger,2026-01
304,jcb,Harvey-Jakubowski,2026-11
305,switch,"Senger, Schimmel and Prosacco",2026-06
306,visa-electron,Wintheiser-Predovic,2026-07
307,maestro,"Hayes, Donnelly and Spinka",2025-10
308,jcb,"Schumm, Yost and Bergstrom",2027-10
309,visa-electron,Dicki-Prosacco,2026-05
310,jcb,Kris LLC,2026-01
311,jcb,Wiegand-Brekke,2026-05
312,diners-club-enroute,Rice-Wuckert,2025-12
313,diners-club-carte-blanche,"O'Connell, Swift and Cruickshank",2025-12
314,diners-club-us-ca,Cummerata-Langworth,2027-01
315,bankcard,Simonis-Kris,2027-05
316,jcb,"Hagenes, Bechtelar and Jacobs",2027-11
317,china-unionpay,"Feest, Kerluke and Goodwin",2028-08
318,bankcard,"Klein, Casper and Monahan",2026-10
319,jcb,Ruecker Inc,2027-01
320,jcb,"Jerde, Sanford and Larson",2028-05
321,jcb,O'Kon and Sons,2026-11
322,china-unionpay,Schmitt LLC,2026-09
323,jcb,Beer LLC,2028-06
324,visa-electron,Lakin-Bergstrom,2027-10
325,jcb,Dickinson-Ritchie,2027-12
326,jcb,"Miller, Gerlach and Goyette",2026-09
327,visa-electron,Nicolas-Wehner,2028-04
328,switch,Murphy and Sons,2028-02
329,diners-club-carte-blanche,"Kuhic, Braun and Conroy",2026-03
330,instapayment,"Grimes, Willms and Walsh",2028-03
331,jcb,Marks-Cole,2026-02
332,visa-electron,"Collins, DuBuque and Graham",2026-04
333,jcb,Roob-Bahringer,2028-08
334,laser,Flatley LLC,2026-06
335,mastercard,Balistreri LLC,2025-10
336,jcb,"Schamberger, Murphy and Bode",2028-04
337,jcb,"Romaguera, Doyle and Swaniawski",2028-08
338,switch,Hintz-Luettgen,2026-06
339,switch,Williamson-Lynch,2027-03
340,jcb,Vandervort-Hills,2027-01
341,jcb,Mosciski and Sons,2028-05
342,americanexpress,"Reynolds, Sanford and Koch",2025-11
343,instapayment,Brakus LLC,2026-09
344,mastercard,Moore-Zieme,2028-02
345,jcb,"Kshlerin, O'Reilly and Murray",2026-03
346,jcb,O'Connell Group,2027-04
347,laser,Jakubowski-Johnston,2026-05
348,mastercard,Hudson Group,2026-12
349,jcb,Okuneva and Sons,2026-06
350,visa-electron,Macejkovic Inc,2026-10
351,jcb,"Emmerich, Anderson and Huels",2028-04
352,diners-club-carte-blanche,Mante-Williamson,2027-12
353,jcb,Stoltenberg Inc,2026-05
354,jcb,"Mertz, Wilderman and Kuhn",2026-08
355,visa-electron,Shields-Klocko,2028-08
356,china-unionpay,"Goldner, Bartell and Effertz",2026-07
357,jcb,"Stoltenberg, Conroy and Lueilwitz",2026-08
358,jcb,Tromp Inc,2027-10
359,americanexpress,Kautzer-Wiza,2028-08
360,diners-club-us-ca,Kertzmann-Medhurst,2027-05
361,switch,Harris-Welch,2027-03
362,jcb,Blanda and Sons,2027-01
363,jcb,"Friesen, Grimes and Sporer",2026-05
364,jcb,Jacobi Inc,2026-12
365,mastercard,"Balistreri, Spinka and Langosh",2028-05
366,maestro,"Buckridge, Schoen and Johnson",2028-08
367,switch,Jast and Sons,2027-11
368,china-unionpay,Funk-Tromp,2026-03
369,jcb,"Kertzmann, Carroll and Jakubowski",2027-08
370,jcb,Willms-Carroll,2026-06
371,switch,Dietrich and Sons,2026-02
372,bankcard,Steuber-Hand,2028-01
373,mastercard,"Johns, Reichert and Herzog",2027-10
374,jcb,"Raynor, Kuphal and Kuhic",2026-01
375,jcb,"Trantow, Kerluke and Flatley",2027-11
376,visa-electron,"Bartoletti, Jaskolski and Haag",2028-02
377,jcb,Simonis Group,2027-08
378,maestro,Wolff-Padberg,2026-03
379,mastercard,Rogahn and Sons,2028-03
380,mastercard,"Bernier, Hintz and Larson",2027-10
381,jcb,Dickens-Borer,2027-07
382,diners-club-enroute,"Lind, Murphy and Anderson",2026-09
383,mastercard,MacGyver-Mertz,2025-12
384,mastercard,"Feeney, Hermiston and Volkman",2026-01
385,jcb,Smith LLC,2026-11
386,diners-club-enroute,"Blick, Johnson and Reichert",2027-06
387,laser,Howell-Moen,2027-02
388,jcb,"Wiza, Schulist and Cole",2028-06
389,switch,"Howell, Cronin and Koch",2027-09
390,jcb,"O'Connell, Schmeler and Schaden",2026-05
391,jcb,"Cartwright, Moore and Vandervort",2027-04
392,visa,Johns-Bruen,2028-07
393,mastercard,Wunsch Group,2028-08
394,jcb,Klein Inc,2026-07
395,jcb,"Kohler, Ullrich and Langosh",2025-12
396,china-unionpay,Wintheiser-Littel,2027-08
397,jcb,Gleason-Roberts,2028-05
398,visa-electron,Schinner-Kirlin,2026-04
399,jcb,"Veum, Tremblay and Kunde",2028-07
400,visa-electron,"Spencer, Tromp and Tillman",2026-12
401,laser,Wintheiser Inc,2026-02
402,jcb,Durgan-Batz,2026-11
403,jcb,McCullough-Labadie,2028-02
404,jcb,"O'Conner, Fritsch and Rohan",2026-10
405,mastercard,Padberg Group,2026-12
406,jcb,Quigley Group,2026-09
407,instapayment,Leannon-Towne,2027-09
408,jcb,Erdman Inc,2028-04
409,maestro,"Stamm, Daugherty and Schimmel",2028-07
410,jcb,"Mante, Pouros and Stiedemann",2027-08
411,switch,Ankunding Group,2027-03
412,switch,Wisozk-Mohr,2025-10
413,jcb,Quitzon LLC,2027-02
414,jcb,"Krajcik, Auer and Friesen",2026-01
415,switch,Grady LLC,2028-08
416,americanexpress,Thompson-Hilpert,2026-08
417,diners-club-enroute,Mohr-Keebler,2026-11
418,maestro,Hammes Inc,2028-02
419,maestro,Glover LLC,2027-07
420,visa-electron,Towne-Leuschke,2028-03
421,diners-club-international,"Fay, Walsh and Marquardt",2027-09
422,mastercard,Welch-Nienow,2027-10
423,switch,Murazik-Becker,2028-05
424,jcb,"Bosco, Zboncak and Reinger",2026-12
425,visa,"Cremin, Baumbach and Glover",2026-06
426,jcb,"Botsford, Flatley and Casper",2026-01
427,china-unionpay,"Balistreri, Anderson and Denesik",2028-02
428,jcb,Howell-Herzog,2027-05
429,bankcard,Walter-Parker,2026-12
430,solo,MacGyver-Corwin,2026-05
431,jcb,Kozey Group,2026-05
432,maestro,"Cassin, Larkin and Koelpin",2026-06
433,americanexpress,"Roberts, Koelpin and Harvey",2028-08
434,jcb,Miller-Weimann,2027-06
435,maestro,Fisher-Kohler,2027-08
436,mastercard,Kemmer-Stokes,2028-06
437,instapayment,Padberg-Littel,2028-01
438,visa-electron,"Bosco, O'Connell and Rogahn",2027-09
439,americanexpress,"Doyle, Ritchie and Breitenberg",2027-05
440,diners-club-carte-blanche,Kuhn-Cremin,2026-10
441,jcb,Lueilwitz LLC,2027-09
442,china-unionpay,Schneider-Langworth,2026-12
443,jcb,Hyatt-Hansen,2025-12
444,laser,Fisher-Lowe,2026-03
445,jcb,Simonis and Sons,2026-02
446,jcb,Schiller-Nitzsche,2026-02
447,jcb,Cassin-Cole,2027-11
448,jcb,Borer-Nicolas,2027-05
449,jcb,"Hickle, Donnelly and Dibbert",2027-09
450,jcb,VonRueden Group,2028-10
451,maestro,Mayert-Crooks,2026-07
452,diners-club-enroute,McLaughlin Inc,2028-03
453,solo,Schuppe Group,2026-09
454,jcb,Windler-Littel,2028-03
455,jcb,Buckridge-Parisian,2027-01
456,jcb,Bogan LLC,2026-11
457,diners-club-international,Considine-Bradtke,2028-04
458,americanexpress,"Pouros, Beer and Fadel",2025-11
459,jcb,"Gerlach, Zieme and Blanda",2026-12
460,diners-club-carte-blanche,Roberts Inc,2026-12
461,diners-club-carte-blanche,Ebert LLC,2027-04
462,jcb,Purdy-Bartoletti,2027-04
463,switch,"Nienow, Heller and Olson",2026-07
464,china-unionpay,"Considine, Hilll and Pollich",2027-06
465,jcb,Romaguera-Dach,2027-09
466,maestro,"Williamson, Cartwright and Gibson",2027-01
467,solo,"Abshire, Jast and Feil",2027-11
468,jcb,"Kautzer, Reichert and Jakubowski",2028-07
469,jcb,Schulist and Sons,2028-08
470,mastercard,"Keebler, Hilll and Fahey",2028-09
471,visa,Vandervort-Kohler,2026-08
472,mastercard,Stanton and Sons,2026-06
473,solo,"Bogisich, Thompson and O'Connell",2025-10
474,visa-electron,Mosciski Group,2026-05
475,jcb,"Deckow, Johns and Auer",2028-02
476,americanexpress,"Roob, Wolf and Kirlin",2027-07
477,maestro,Gleason-Goldner,2025-10
478,diners-club-enroute,Gerhold-Schowalter,2026-11
479,mastercard,Morar-Prohaska,2026-02
480,diners-club-us-ca,"Bashirian, Schaden and Barrows",2026-05
481,solo,"Kutch, Orn and Schneider",2026-02
482,jcb,"Weissnat, Fisher and Hoppe",2028-09
483,americanexpress,"Rice, Hagenes and Schneider",2026-11
484,switch,"Trantow, Morissette and Boyle",2026-09
485,jcb,"Christiansen, Predovic and Legros",2026-04
486,diners-club-us-ca,Schoen-Hodkiewicz,2027-12
487,china-unionpay,Wintheiser LLC,2026-07
488,jcb,"Schroeder, Walker and Roberts",2027-01
489,jcb,Rempel LLC,2028-06
490,jcb,Carter-Pfannerstill,2028-03
491,jcb,"Donnelly, Gleason and Wuckert",2025-11
492,jcb,"Huels, Steuber and Nikolaus",2027-05
493,mastercard,"McGlynn, Bernier and Schumm",2028-09
494,jcb,"Pfannerstill, Gusikowski and Schmeler",2026-07
495,maestro,Paucek Group,2026-03
496,americanexpress,Orn Group,2028-08
497,diners-club-enroute,"Homenick, Mitchell and Roberts",2025-12
498,diners-club-enroute,Yundt LLC,2028-05
499,jcb,Fadel LLC,2027-07
500,jcb,Ortiz-Pacocha,2025-12
501,maestro,"Kunze, Lindgren and Dietrich",2027-05
502,visa,Doyle-Rodriguez,2027-01
503,visa-electron,Hartmann-Reinger,2027-12
504,jcb,Little LLC,2027-05
505,visa,Kihn-Heller,2026-01
506,jcb,Windler Group,2028-05
507,visa,"Crist, Mohr and McLaughlin",2027-11
508,laser,Hand-O'Conner,2028-03
509,jcb,"Weissnat, Bernhard and Lubowitz",2028-04
510,switch,Donnelly-Murphy,2028-07
511,mastercard,"Luettgen, Lynch and Effertz",2027-01
512,jcb,Auer-Barrows,2028-06
513,mastercard,Cruickshank-Cormier,2027-09
514,jcb,Kihn-Schmeler,2027-09
515,solo,Leffler LLC,2027-10
516,jcb,"Fahey, Kovacek and Kuvalis",2028-04
517,maestro,Kutch Group,2028-03
518,switch,Rogahn-McGlynn,2027-01
519,mastercard,White-Runte,2027-08
520,mastercard,"Sawayn, Walker and Mante",2026-07
521,jcb,"Bosco, Dickens and Reichel",2026-03
522,jcb,"Jacobson, Volkman and Stroman",2028-07
523,jcb,Rowe-Lueilwitz,2027-09
524,diners-club-carte-blanche,Sawayn-Blanda,2028-06
525,jcb,Shanahan-Flatley,2028-02
526,jcb,Fahey Inc,2028-03
527,jcb,"Zboncak, Windler and Graham",2028-03
528,bankcard,"Ernser, Flatley and Stanton",2027-10
529,jcb,Toy-Barton,2028-04
530,diners-club-carte-blanche,"Rice, Reinger and Brakus",2027-12
531,mastercard,"Sanford, Pfeffer and Rippin",2028-06
532,mastercard,Champlin-Glover,2027-08
533,jcb,"Rowe, Paucek and Price",2025-11
534,diners-club-enroute,"Connelly, Price and Mitchell",2026-10
535,jcb,Sauer Inc,2026-12
536,jcb,"Stamm, Krajcik and Gorczany",2027-12
537,switch,"Bergnaum, Doyle and Mann",2026-04
538,americanexpress,Anderson and Sons,2027-11
539,diners-club-enroute,Kutch-Walsh,2027-07
540,jcb,McKenzie-Dibbert,2026-01
541,americanexpress,Aufderhar and Sons,2027-09
542,jcb,Harvey Inc,2026-11
543,jcb,Stoltenberg-Adams,2025-11
544,jcb,Keeling-Tillman,2026-01
545,jcb,"Mayer, Kulas and Prosacco",2027-04
546,diners-club-carte-blanche,"Hintz, Gleason and Green",2025-11
547,jcb,Homenick-Frami,2028-04
548,jcb,"Cormier, Cole and Predovic",2026-12
549,visa,Roberts Group,2025-10
550,instapayment,"Hickle, Pollich and Kling",2028-08
551,jcb,Terry LLC,2026-06
552,china-unionpay,Zieme Inc,2026-04
553,switch,Kutch and Sons,2028-05
554,maestro,Hartmann-Hessel,2027-02
555,jcb,Schulist Group,2025-10
556,jcb,"Spinka, Stokes and Schinner",2027-09
557,jcb,Kozey Group,2027-07
558,jcb,Larkin-Ankunding,2027-05
559,jcb,Bogan-Borer,2027-02
560,jcb,"Reilly, Heller and Durgan",2028-04
561,visa,Oberbrunner-Conn,2028-01
562,visa-electron,Hills-Johnson,2027-04
563,switch,Christiansen Group,2028-07
564,jcb,"Kovacek, Satterfield and Lind",2027-02
565,diners-club-carte-blanche,Heathcote Group,2026-07
566,diners-club-enroute,Auer-Zieme,2027-01
567,jcb,"Simonis, Lind and Smitham",2028-05
568,jcb,Jast Group,2026-05
569,jcb,Kovacek-Lind,2026-06
570,jcb,Witting-Mante,2027-02
571,jcb,Conroy-Green,2027-08
572,diners-club-carte-blanche,Ward-Gulgowski,2026-05
573,diners-club-enroute,Gerhold and Sons,2025-12
574,laser,"Reichert, Keebler and Hills",2027-11
575,maestro,Roberts Inc,2028-07
576,jcb,Spencer-Bergnaum,2027-05
577,visa,Schneider Inc,2028-07
578,americanexpress,King-Cronin,2028-01
579,americanexpress,"Ondricka, Legros and Schuster",2027-07
580,jcb,Schneider and Sons,2025-11
581,instapayment,Collier-Towne,2026-07
582,jcb,Crona-Senger,2025-11
583,china-unionpay,"Stamm, Connelly and Hudson",2028-08
584,maestro,O'Keefe and Sons,2026-03
585,jcb,Dare-Parisian,2026-09
586,mastercard,Bashirian Inc,2026-12
587,jcb,Welch and Sons,2028-07
588,jcb,Gottlieb-Fahey,2028-02
589,visa-electron,Herzog-Leannon,2028-05
590,solo,Sipes Group,2027-04
591,diners-club-us-ca,Luettgen-Williamson,2025-12
592,jcb,"Fisher, Wisoky and Quigley",2026-08
593,diners-club-enroute,Batz Group,2027-02
594,jcb,Walker and Sons,2028-05
595,jcb,Franecki Inc,2028-05
596,jcb,Hartmann and Sons,2028-04
597,jcb,Larkin LLC,2025-10
598,jcb,Anderson Group,2027-03
599,diners-club-carte-blanche,Rodriguez Inc,2028-08
600,visa-electron,Howe-Spinka,2026-05
601,jcb,Jones Group,2027-12
602,jcb,"Heller, Keeling and Rohan",2026-03
603,bankcard,Moore-Aufderhar,2028-06
604,switch,Altenwerth-Kris,2028-05
605,jcb,"Orn, Okuneva and Sauer",2027-05
606,jcb,Kozey-Larkin,2027-09
607,jcb,"Steuber, Sporer and Kilback",2026-10
608,jcb,"Marks, Bednar and Kunze",2026-06
609,jcb,Block-Bayer,2028-05
610,china-unionpay,"Harber, Fahey and Baumbach",2028-02
611,jcb,Dietrich-Strosin,2028-01
612,visa,Halvorson-Ondricka,2028-07
613,jcb,Turcotte Group,2026-10
614,maestro,Larson and Sons,2028-06
615,diners-club-carte-blanche,Nikolaus-Ryan,2027-01
616,maestro,Shanahan LLC,2027-12
617,bankcard,Herman Group,2026-01
618,instapayment,Kautzer-Breitenberg,2027-01
619,mastercard,Sipes-Cremin,2028-06
620,jcb,"Kreiger, Feil and Wunsch",2025-12
621,china-unionpay,Krajcik-Balistreri,2027-10
622,bankcard,Cormier Inc,2026-01
623,jcb,Bailey Inc,2027-09
624,visa,Veum Group,2025-12
625,jcb,"Kilback, Wuckert and Conroy",2026-12
626,jcb,Lynch-Welch,2025-11
627,visa-electron,"Gislason, Dickinson and Brakus",2028-05
628,bankcard,"Bogisich, Fahey and Durgan",2028-04
629,jcb,"Hilll, Schoen and Von",2026-05
630,jcb,Gottlieb Group,2025-12
631,jcb,"Nienow, Johnson and Marvin",2026-01
632,mastercard,O'Reilly Inc,2028-06
633,china-unionpay,Ankunding Inc,2027-03
634,visa-electron,Wisoky-Cronin,2027-01
635,mastercard,Gerlach LLC,2026-09
636,jcb,"Walker, Hauck and Kulas",2026-01
637,switch,"O'Hara, Adams and Davis",2026-04
638,maestro,"Hudson, Haag and Ryan",2026-01
639,diners-club-carte-blanche,Hahn LLC,2028-03
640,jcb,Prosacco-Jaskolski,2028-07
641,visa,Legros and Sons,2026-11
642,visa-electron,Cremin Inc,2026-01
643,jcb,Gutkowski-Beatty,2027-04
644,jcb,Fahey LLC,2028-02
645,jcb,Collins-Marks,2026-11
646,china-unionpay,Sipes-Murphy,2026-03
647,jcb,Nitzsche LLC,2026-05
648,jcb,"Williamson, Hoppe and Wintheiser",2028-06
649,switch,"Schoen, Bayer and Treutel",2028-01
650,switch,Jast and Sons,2028-01
651,jcb,DuBuque Inc,2027-08
652,diners-club-enroute,Medhurst-Spinka,2026-02
653,diners-club-carte-blanche,Greenholt Inc,2028-01
654,laser,"Strosin, Schuppe and Murazik",2026-06
655,jcb,Buckridge LLC,2028-02
656,maestro,"Barton, Davis and Schoen",2025-10
657,visa,"Zieme, Greenholt and Rogahn",2026-11
658,jcb,Volkman LLC,2027-10
659,solo,McCullough and Sons,2027-05
660,mastercard,Kohler-Lesch,2026-07
661,diners-club-us-ca,Powlowski-Zieme,2028-08
662,visa-electron,Green and Sons,2026-05
663,jcb,"McKenzie, Armstrong and Swift",2026-02
664,americanexpress,"Thiel, McCullough and Dicki",2026-08
665,laser,"Kovacek, Emmerich and Prohaska",2028-08
666,jcb,Powlowski-Schiller,2025-10
667,jcb,Predovic and Sons,2026-08
668,jcb,"Green, Rowe and Roberts",2028-09
669,jcb,Bins and Sons,2027-12
670,visa-electron,"Reinger, Quitzon and Dickinson",2026-02
671,jcb,Hegmann-Cummings,2027-02
672,jcb,"Barton, Kunde and Cremin",2026-09
673,jcb,Homenick Inc,2025-10
674,jcb,Purdy-Huel,2027-06
675,maestro,Deckow and Sons,2026-10
676,americanexpress,"Grant, Rodriguez and Donnelly",2025-11
677,jcb,Hansen-Mraz,2028-01
678,mastercard,Balistreri-Koelpin,2027-09
679,diners-club-enroute,"Dickens, Gottlieb and Dicki",2027-07
680,jcb,O'Kon-Kuhn,2027-01
681,jcb,Pouros Group,2028-07
682,jcb,Kuvalis LLC,2028-01
683,jcb,Heidenreich Inc,2028-09
684,jcb,Hoppe Group,2028-01
685,jcb,"Boyer, Dicki and Olson",2028-03
686,bankcard,"Jacobson, Hudson and Ruecker",2027-02
687,china-unionpay,"Nikolaus, Gislason and Homenick",2026-04
688,visa-electron,Rolfson LLC,2027-09
689,americanexpress,Bins-O'Keefe,2028-01
690,jcb,Jacobson-Tillman,2027-01
691,switch,Jacobs-Hermann,2027-04
692,maestro,Ernser Group,2028-06
693,switch,Grimes-Doyle,2027-11
694,americanexpress,"Prosacco, Rau and Cronin",2027-02
695,americanexpress,Ernser-Koelpin,2027-12
696,jcb,Ernser and Sons,2027-02
697,jcb,Walsh-Bechtelar,2027-04
698,maestro,Lind LLC,2026-10
699,jcb,Lehner-Sawayn,2026-07
700,jcb,"Lind, Ortiz and Kassulke",2028-09
701,maestro,"Lynch, Kuhlman and Torp",2026-11
702,bankcard,Yost Group,2026-11
703,jcb,Hills-Franecki,2026-05
704,jcb,Schoen-Weimann,2026-05
705,americanexpress,Cruickshank Group,2025-12
706,laser,Frami-Goodwin,2026-05
707,jcb,Ankunding Inc,2026-03
708,maestro,Casper Inc,2025-11
709,jcb,Breitenberg Inc,2028-09
710,jcb,"O'Reilly, Greenholt and Leffler",2026-12
711,mastercard,"Little, Robel and Nader",2027-05
712,switch,Murazik and Sons,2028-01
713,jcb,"Jaskolski, Bechtelar and Treutel",2027-01
714,jcb,VonRueden Inc,2025-12
715,jcb,"Heathcote, Adams and Schiller",2027-03
716,jcb,"Greenholt, Rogahn and Zieme",2025-10
717,mastercard,McCullough Inc,2028-08
718,jcb,Lakin and Sons,2028-08
719,china-unionpay,Kutch-Hegmann,2027-04
720,jcb,O'Connell Group,2027-01
721,diners-club-carte-blanche,VonRueden-Raynor,2027-12
722,instapayment,Stokes and Sons,2026-03
723,jcb,Okuneva-Dietrich,2027-09
724,jcb,"Bruen, Dooley and Dickinson",2026-06
725,china-unionpay,"Walsh, Ledner and Kirlin",2026-05
726,jcb,Feil Group,2026-07
727,americanexpress,Ankunding Inc,2026-08
728,diners-club-enroute,Simonis-Kuhn,2026-12
729,jcb,"Franecki, Simonis and Quitzon",2028-05
730,mastercard,Conn LLC,2026-07
731,mastercard,Mante and Sons,2026-11
732,china-unionpay,"Powlowski, Fahey and Lakin",2027-07
733,diners-club-carte-blanche,Powlowski LLC,2026-06
734,visa,Stamm LLC,2027-12
735,switch,"Dach, Daugherty and Brekke",2028-05
736,maestro,Witting and Sons,2027-08
737,jcb,Carter-Howell,2027-03
738,visa-electron,Kirlin-Walsh,2027-06
739,jcb,Murray-Conroy,2027-02
740,jcb,"Schumm, Schaefer and Abshire",2027-12
741,jcb,"Flatley, Jakubowski and Brown",2026-02
742,americanexpress,"Johnson, Braun and Cummerata",2027-01
743,bankcard,"Mayert, Bauch and Purdy",2026-09
744,jcb,Mante-Emmerich,2026-10
745,jcb,Brown and Sons,2028-05
746,jcb,Kirlin-Maggio,2028-01
747,jcb,"Cormier, Pollich and Quigley",2027-05
748,bankcard,Yundt-Howell,2026-01
749,mastercard,Spinka-Osinski,2026-07
750,mastercard,Quigley Group,2027-11
751,americanexpress,"Mohr, Sanford and Rice",2028-02
752,jcb,Bergnaum Inc,2028-01
753,mastercard,"Koepp, Boyer and Brakus",2025-10
754,jcb,Hane-Wisoky,2026-08
755,jcb,"O'Conner, Beer and Wehner",2025-11
756,diners-club-us-ca,Okuneva-Lang,2028-06
757,maestro,Boyle-Grant,2028-06
758,china-unionpay,Lockman-Daniel,2025-12
759,visa,"Heidenreich, Mertz and Gutkowski",2028-10
760,jcb,Trantow LLC,2026-10
761,americanexpress,"Gleichner, Von and Moen",2027-07
762,jcb,Denesik Group,2027-03
763,bankcard,Denesik-Hoppe,2027-10
764,maestro,Gibson Inc,2028-01
765,maestro,"Bahringer, Batz and Simonis",2027-10
766,jcb,"Bradtke, Keebler and Leannon",2027-01
767,mastercard,Kunze and Sons,2025-10
768,mastercard,"Hermann, Adams and Herman",2026-08
769,jcb,Gleason-Cole,2027-02
770,jcb,"Jenkins, Stracke and Bogan",2026-02
771,diners-club-enroute,Dooley Inc,2028-05
772,jcb,Mann-Hilll,2028-06
773,diners-club-carte-blanche,"Marvin, O'Conner and Stamm",2027-08
774,jcb,Stiedemann-Hansen,2027-06
775,americanexpress,"Walsh, Kris and Harvey",2027-09
776,diners-club-carte-blanche,"Wisozk, Koelpin and Ebert",2027-11
777,diners-club-enroute,Dach-Rodriguez,2027-04
778,laser,Emard Inc,2027-12
779,jcb,Doyle-Hills,2027-03
780,laser,"Nitzsche, Pacocha and Hermiston",2028-04
781,jcb,Goyette LLC,2027-11
782,jcb,Kautzer-Hansen,2027-03
783,jcb,Beatty-Corkery,2027-01
784,jcb,"Harvey, Kulas and Wunsch",2026-01
785,jcb,Morissette and Sons,2026-01
786,maestro,Jakubowski-Lemke,2027-08
787,instapayment,Smith Group,2025-12
788,jcb,Parker Group,2027-01
789,diners-club-us-ca,Effertz LLC,2026-06
790,diners-club-enroute,"Tromp, Hansen and Mitchell",2026-11
791,jcb,Rowe LLC,2025-12
792,instapayment,"Graham, Johnson and Reinger",2027-03
793,mastercard,Connelly LLC,2026-12
794,switch,Veum-Wyman,2027-02
795,diners-club-enroute,Cole-Cruickshank,2028-02
796,bankcard,"Gleason, Doyle and Hirthe",2028-08
797,jcb,Botsford-Rodriguez,2028-03
798,bankcard,Mohr-Ebert,2027-12
799,mastercard,"Jacobs, Mayert and Schiller",2027-05
800,china-unionpay,Trantow Inc,2027-02
801,jcb,Koelpin-Langosh,2028-02
802,mastercard,Fadel and Sons,2028-07
803,jcb,Lakin LLC,2028-05
804,visa-electron,Bruen-Bernhard,2027-04
805,americanexpress,Stracke-Ritchie,2026-12
806,diners-club-carte-blanche,"Collier, Blanda and Braun",2026-12
807,jcb,"Farrell, Ortiz and Fisher",2025-10
808,bankcard,"Cremin, Bartoletti and Jakubowski",2028-03
809,jcb,Lowe-Wunsch,2027-04
810,laser,Lehner-McCullough,2027-11
811,jcb,Roob LLC,2026-06
812,jcb,Little Inc,2026-03
813,jcb,Stoltenberg LLC,2027-08
814,laser,Harvey-Kemmer,2027-11
815,diners-club-us-ca,Hoeger-Bergstrom,2027-01
816,maestro,Romaguera Inc,2028-01
817,jcb,"Lynch, Durgan and Willms",2026-12
818,diners-club-us-ca,"Treutel, Larson and Hermiston",2026-03
819,solo,Kerluke-Kling,2028-02
820,diners-club-carte-blanche,"Willms, Konopelski and Williamson",2027-12
821,mastercard,Cremin-Blick,2027-06
822,solo,"Raynor, Metz and Quigley",2028-05
823,diners-club-carte-blanche,Macejkovic Group,2026-05
824,maestro,Wilderman-Robel,2026-11
825,jcb,Greenfelder Inc,2027-02
826,visa-electron,Jerde-Corkery,2027-09
827,diners-club-enroute,Parisian-Becker,2028-04
828,diners-club-us-ca,"Skiles, Dach and Ritchie",2028-05
829,laser,Hilpert and Sons,2025-10
830,jcb,Hermiston LLC,2028-01
831,americanexpress,"Hyatt, Hand and Schneider",2027-03
832,maestro,"Gleason, Bogisich and Rippin",2027-03
833,americanexpress,"McKenzie, Ondricka and Ward",2026-03
834,diners-club-carte-blanche,Willms LLC,2026-05
835,jcb,"Crona, Cassin and Grady",2028-07
836,visa,Wiegand-Shields,2027-03
837,jcb,Lowe Group,2027-03
838,jcb,Stoltenberg Inc,2027-02
839,jcb,McGlynn-Volkman,2026-03
840,jcb,"Lindgren, Daniel and Yundt",2027-01
841,switch,Boehm-Johns,2027-06
842,china-unionpay,Schultz and Sons,2028-06
843,maestro,Mayert Inc,2028-04
844,jcb,Glover-Hartmann,2026-11
845,switch,"Grant, Hills and Kunde",2025-12
846,jcb,Koepp Group,2026-08
847,jcb,"Lesch, Stehr and Raynor",2025-12
848,jcb,"Conroy, Thompson and Quitzon",2026-03
849,americanexpress,Hauck and Sons,2028-03
850,mastercard,Will-Stokes,2028-03
851,jcb,Hyatt-Harber,2027-12
852,china-unionpay,Klein-Hammes,2027-06
853,americanexpress,Cremin-Kiehn,2028-09
854,diners-club-carte-blanche,Weimann-Fritsch,2025-11
855,maestro,Klocko-Senger,2026-07
856,jcb,D'Amore LLC,2028-05
857,visa-electron,Daugherty-Nienow,2025-12
858,visa-electron,Hammes Group,2028-07
859,solo,Glover-Murphy,2027-01
860,jcb,Breitenberg-Jaskolski,2028-08
861,jcb,Nicolas-McKenzie,2026-10
862,jcb,Dicki LLC,2028-06
863,jcb,Hilpert Inc,2026-05
864,jcb,Cassin Group,2026-10
865,laser,Littel-Considine,2026-02
866,visa,Kuhn and Sons,2028-09
867,diners-club-enroute,Smith LLC,2027-09
868,solo,Hermiston Group,2026-01
869,maestro,Moore-Mills,2026-10
870,maestro,Kuhlman Inc,2025-11
871,visa,"Marks, Windler and Gerlach",2028-05
872,mastercard,"Becker, Veum and Mills",2027-01
873,americanexpress,Hirthe-Klocko,2027-01
874,maestro,"Rohan, Carter and O'Hara",2026-01
875,switch,Crist-Shanahan,2028-01
876,jcb,Homenick-Cruickshank,2027-05
877,jcb,Lynch-Crist,2027-04
878,jcb,"Franecki, Aufderhar and Senger",2026-08
879,jcb,McCullough-Volkman,2028-01
880,jcb,"Kuhlman, Ryan and Hansen",2025-12
881,jcb,Feest-Wolf,2026-05
882,visa-electron,"Ortiz, Cartwright and Kunze",2026-11
883,diners-club-enroute,Jacobi and Sons,2026-03
884,switch,"Breitenberg, Spinka and Treutel",2028-06
885,instapayment,"Becker, Torphy and Beier",2027-08
886,laser,"Mayer, Reinger and Sipes",2027-02
887,china-unionpay,"Bergnaum, Emard and Wiegand",2027-12
888,jcb,"Paucek, Bogan and Green",2028-03
889,jcb,Runolfsdottir-Swift,2026-04
890,jcb,"Nitzsche, Champlin and Shields",2027-09
891,jcb,Grimes and Sons,2028-08
892,mastercard,Gulgowski-Feil,2026-06
893,switch,Goodwin and Sons,2028-03
894,visa-electron,"Emard, Wolf and Hansen",2026-10
895,jcb,"Wisozk, Pollich and Leuschke",2026-08
896,maestro,Sipes-Ziemann,2027-08
897,jcb,"Ernser, Stroman and Abshire",2026-05
898,jcb,Zemlak-Gusikowski,2026-04
899,jcb,"Sanford, Berge and Miller",2028-07
900,jcb,"Zemlak, Willms and Reichel",2027-08
901,switch,Feeney-Mayer,2028-09
902,diners-club-carte-blanche,McKenzie-Block,2026-05
903,visa,"Gleichner, Jast and Beer",2027-08
904,jcb,"Sipes, Effertz and Towne",2027-08
905,diners-club-enroute,Douglas-Gerhold,2027-12
906,jcb,Ullrich Inc,2027-11
907,jcb,Kihn Group,2027-01
908,visa,Johns-Bednar,2027-11
909,jcb,Anderson-Runolfsdottir,2026-11
910,bankcard,Bode-Goldner,2028-09
911,jcb,Rogahn-Zemlak,2028-09
912,jcb,Gutmann Group,2028-10
913,jcb,"Schuppe, Friesen and Bechtelar",2026-11
914,jcb,"Nader, Conroy and Greenholt",2026-02
915,jcb,"Effertz, Dooley and Streich",2028-07
916,diners-club-enroute,Ziemann LLC,2026-04
917,jcb,Dibbert-Ledner,2026-07
918,visa-electron,Davis-Heathcote,2026-04
919,jcb,"Buckridge, Fadel and Berge",2028-07
920,jcb,Ledner-Auer,2027-05
921,jcb,"Donnelly, Daugherty and Hodkiewicz",2026-04
922,jcb,Quitzon Group,2026-12
923,diners-club-enroute,"Fisher, MacGyver and Schamberger",2027-10
924,diners-club-carte-blanche,Leannon and Sons,2025-11
925,jcb,Block-Balistreri,2027-02
926,jcb,Cummerata Group,2027-03
927,jcb,Pollich-Connelly,2028-09
928,visa-electron,"Keeling, Champlin and Blanda",2026-12
929,mastercard,"Konopelski, Wolf and Hartmann",2025-11
930,jcb,Hayes-Jacobson,2026-04
931,jcb,Walsh-Dietrich,2028-07
932,jcb,Kassulke Inc,2028-05
933,jcb,Hagenes-Huel,2028-07
934,jcb,Steuber LLC,2027-04
935,jcb,Cronin Inc,2026-01
936,china-unionpay,Jacobs-Hoeger,2026-12
937,jcb,Brekke Inc,2027-07
938,jcb,Batz Group,2027-07
939,mastercard,"Homenick, Kuphal and Altenwerth",2026-08
940,jcb,Bernhard-Miller,2026-03
941,mastercard,"Bode, Rolfson and Bode",2027-08
942,diners-club-us-ca,"Kutch, Wiza and Friesen",2025-10
943,instapayment,Smith-Weber,2026-01
944,switch,Hoeger Group,2028-09
945,visa-electron,Halvorson Group,2027-02
946,jcb,"Klocko, Labadie and Little",2028-07
947,jcb,O'Connell-Walter,2027-06
948,jcb,"Mosciski, Mueller and Luettgen",2028-09
949,laser,"Wiza, Ebert and Borer",2028-04
950,diners-club-carte-blanche,Homenick Inc,2027-01
951,jcb,Renner-Osinski,2025-10
952,americanexpress,Effertz-Waters,2026-07
953,mastercard,Cummerata Inc,2028-05
954,laser,Bruen-Schaefer,2028-05
955,jcb,Tromp-Gulgowski,2027-02
956,jcb,Crist-Schiller,2027-04
957,jcb,Fadel-Strosin,2026-03
958,jcb,Hane-Rempel,2028-07
959,china-unionpay,"Crona, Johns and Kertzmann",2028-06
960,jcb,"Bosco, Kris and Gleason",2027-06
961,jcb,Steuber-McLaughlin,2027-02
962,switch,"Erdman, Kuvalis and Williamson",2027-11
963,jcb,"Kris, Murazik and Watsica",2028-02
964,jcb,Hudson Inc,2027-11
965,visa-electron,Rosenbaum-Dach,2026-09
966,jcb,Ernser Inc,2026-06
967,jcb,Stoltenberg-Baumbach,2026-04
968,diners-club-carte-blanche,Schowalter Group,2028-05
969,visa,Heller-Beatty,2026-06
970,jcb,Connelly and Sons,2027-10
971,china-unionpay,Marvin-Beer,2026-12
972,solo,Reichel Group,2027-01
973,solo,Dooley-Blick,2027-12
974,mastercard,Kessler-Price,2027-09
975,jcb,Gleichner Group,2026-07
976,americanexpress,Hegmann-Ondricka,2028-05
977,jcb,Grady Group,2028-09
978,jcb,"Connelly, Keeling and Roob",2027-05
979,mastercard,Kovacek and Sons,2028-07
980,jcb,"Blanda, Lebsack and DuBuque",2026-04
981,jcb,Ziemann LLC,2026-01
982,jcb,"Schuster, Buckridge and Wolf",2026-04
983,jcb,Moen Group,2028-03
984,jcb,Goodwin-Dach,2027-12
985,laser,"Schmitt, Friesen and Gutmann",2025-10
986,switch,"Gleichner, Quitzon and Blanda",2027-03
987,switch,"Orn, Homenick and Hyatt",2026-01
988,americanexpress,Terry and Sons,2026-01
989,mastercard,"Franecki, Gusikowski and O'Reilly",2027-08
990,jcb,Dickens-D'Amore,2027-03
991,jcb,"Bergstrom, Swift and Cummings",2028-03
992,jcb,Reilly-Langworth,2025-10
993,diners-club-carte-blanche,Bernier-Runolfsson,2026-03
994,jcb,Rau-Herzog,2026-09
995,instapayment,Doyle-Stamm,2028-05
996,laser,Lebsack Inc,2025-10
997,bankcard,"Franecki, Douglas and Emmerich",2028-02
998,visa-electron,"Auer, Bechtelar and Grady",2027-05
999,jcb,Shields-Langosh,2026-08
1000,jcb,Block-Wiza,2026-12
