ID_Vehiculo,Tipo_vehiculo,Marca,Modelo,Año,Capacidad
1,elementum eu interdum eu tincidunt in leo,GMC,Savana 1500,2012,1
2,euismod scelerisque quam turpis adipiscing,BMW,550,2006,5
3,cubilia curae mauris viverra diam vitae quam suspendisse,Lincoln,Continental Mark VII,1986,6
4,luctus et ultrices posuere cubilia curae,Chrysler,Town & Country,2002,3
5,ac est lacinia nisi venenatis tristique,Chevrolet,Silverado 3500,2002,5
6,placerat praesent blandit nam nulla integer pede justo lacinia eget,BMW,3 Series,2002,4
7,lacinia eget tincidunt eget tempus vel pede,Toyota,Celica,1996,3
8,ullamcorper purus sit amet nulla quisque,Pontiac,6000,1988,6
9,ut volutpat sapien arcu sed augue,BMW,Z4,2010,6
10,et magnis dis parturient montes nascetur ridiculus mus vivamus vestibulum,Mitsubishi,Pajero,2004,6
11,tellus nulla ut erat id,Smart,Fortwo,2011,2
12,tincidunt lacus at velit vivamus vel nulla eget eros,Toyota,Sequoia,2012,6
13,at turpis a pede posuere nonummy integer non velit,Mercedes-Benz,GLK-Class,2012,6
14,cras non velit nec nisi vulputate nonummy maecenas tincidunt,Hummer,H1,1999,4
15,vestibulum proin eu mi nulla ac enim in,Spyker,C8 Double 12 S,2006,5
16,mauris morbi non lectus aliquam sit amet diam,Ford,Taurus,2002,1
17,vel accumsan tellus nisi eu,BMW,550,2006,4
18,congue vivamus metus arcu adipiscing molestie,GMC,3500,1995,6
19,nulla sed accumsan felis ut at,Pontiac,Sunbird,1989,1
20,cras non velit nec nisi vulputate nonummy maecenas tincidunt lacus,Lexus,GS,2009,7
21,maecenas ut massa quis augue luctus tincidunt nulla mollis,Saab,9000,1991,6
22,ipsum primis in faucibus orci luctus et,Mitsubishi,Galant,2008,7
23,nam ultrices libero non mattis pulvinar,Lexus,LS,1990,1
24,felis ut at dolor quis odio,BMW,Z4,2003,5
25,tincidunt eu felis fusce posuere felis sed,Pontiac,Grand Prix,1989,6
26,rutrum rutrum neque aenean auctor gravida,Ram,3500,2011,6
27,nascetur ridiculus mus etiam vel,Mazda,B-Series,2004,1
28,diam in magna bibendum imperdiet nullam orci pede venenatis non,Land Rover,Defender 90,1997,7
29,pellentesque at nulla suspendisse potenti cras in purus eu,Chrysler,Aspen,2007,3
30,ultrices libero non mattis pulvinar nulla pede ullamcorper,Mercury,Mountaineer,2005,3
31,nulla tellus in sagittis dui vel nisl duis,Hyundai,Tiburon,1998,3
32,turpis sed ante vivamus tortor duis mattis egestas,Chevrolet,Corvette,2012,5
33,convallis eget eleifend luctus ultricies eu,Bentley,Continental Flying Spur,2008,7
34,semper sapien a libero nam dui proin leo,Toyota,Celica,2004,4
35,ante ipsum primis in faucibus orci,Infiniti,JX,2013,4
36,praesent blandit lacinia erat vestibulum sed magna at nunc,Dodge,Charger,2010,5
37,interdum mauris non ligula pellentesque,Toyota,Avalon,2012,1
38,sodales sed tincidunt eu felis,Suzuki,Grand Vitara,2005,5
39,in faucibus orci luctus et ultrices posuere cubilia curae donec,Aston Martin,V8 Vantage,2012,6
40,rutrum nulla nunc purus phasellus in felis donec semper,Honda,Prelude,1993,7
41,ipsum primis in faucibus orci luctus et ultrices posuere cubilia,Jeep,Compass,2009,3
42,magna vestibulum aliquet ultrices erat tortor,BMW,3 Series,2001,5
43,a pede posuere nonummy integer non velit donec,Dodge,Avenger,2008,3
44,vestibulum sagittis sapien cum sociis natoque penatibus et magnis dis,GMC,Safari,1993,2
45,amet consectetuer adipiscing elit proin,Nissan,Pathfinder,2002,5
46,sem mauris laoreet ut rhoncus aliquet pulvinar sed nisl,Hyundai,Tucson,2010,2
47,nulla ultrices aliquet maecenas leo odio condimentum id luctus nec,Dodge,Ram 2500,2004,2
48,sed justo pellentesque viverra pede ac diam cras pellentesque volutpat,Chrysler,Concorde,1993,1
49,pulvinar nulla pede ullamcorper augue,Mercedes-Benz,C-Class,1998,4
50,et eros vestibulum ac est lacinia nisi venenatis tristique fusce,Volvo,S40,2007,3
51,nec molestie sed justo pellentesque,Infiniti,G,2004,7
52,libero non mattis pulvinar nulla pede ullamcorper,BMW,M3,1996,4
53,elit sodales scelerisque mauris sit amet eros suspendisse accumsan,Toyota,Sienna,2000,3
54,in felis donec semper sapien a libero,Hyundai,Santa Fe,2003,3
55,feugiat et eros vestibulum ac est lacinia nisi venenatis,Lexus,ES,1989,2
56,praesent blandit nam nulla integer,Volkswagen,Golf,2012,1
57,aliquet maecenas leo odio condimentum id luctus nec molestie,Audi,S4,2000,4
58,bibendum morbi non quam nec dui luctus rutrum nulla tellus,Pontiac,6000,1991,1
59,cursus vestibulum proin eu mi nulla ac enim in,Scion,xA,2006,5
60,convallis tortor risus dapibus augue,Mercedes-Benz,C-Class,2005,2
61,duis ac nibh fusce lacus,Lexus,LX,2006,3
62,ipsum primis in faucibus orci luctus,Toyota,Sienna,1999,1
63,proin leo odio porttitor id consequat in consequat ut,Chrysler,Pacifica,2008,4
64,donec pharetra magna vestibulum aliquet ultrices,Honda,Civic,1993,6
65,ut rhoncus aliquet pulvinar sed nisl,Subaru,Legacy,2012,6
66,eget massa tempor convallis nulla,Mercury,Mountaineer,2004,6
67,integer tincidunt ante vel ipsum praesent,Buick,LaCrosse,2011,3
68,massa donec dapibus duis at velit,Mercury,Topaz,1989,4
69,nulla suscipit ligula in lacus curabitur at,Toyota,Camry,1996,3
70,blandit mi in porttitor pede justo eu massa,Toyota,Corolla,1994,4
71,nibh in hac habitasse platea dictumst aliquam augue quam,Buick,LeSabre,1995,5
72,nibh fusce lacus purus aliquet at feugiat non,Hyundai,Veloster,2013,5
73,vulputate luctus cum sociis natoque penatibus et magnis,BMW,X6,2010,3
74,ut suscipit a feugiat et,Buick,Skylark,1992,5
75,donec ut mauris eget massa tempor convallis nulla neque,GMC,Sierra 2500,1999,4
76,suscipit ligula in lacus curabitur at ipsum ac,BMW,3 Series,1998,7
77,aliquet at feugiat non pretium quis lectus suspendisse,Jaguar,S-Type,2000,2
78,mauris lacinia sapien quis libero nullam sit amet turpis,Honda,CR-Z,2012,3
79,porta volutpat erat quisque erat eros viverra eget congue eget,Suzuki,Kizashi,2010,3
80,felis fusce posuere felis sed lacus morbi,Lincoln,Continental,1985,6
81,lacus morbi sem mauris laoreet ut,Volvo,V70,2008,4
82,felis sed interdum venenatis turpis,Volkswagen,Eurovan,1993,3
83,justo lacinia eget tincidunt eget tempus vel pede morbi,Volkswagen,Cabriolet,2000,1
84,volutpat eleifend donec ut dolor,Mitsubishi,GTO,1995,6
85,aliquam augue quam sollicitudin vitae consectetuer eget rutrum at,Chevrolet,Corvette,1968,5
86,justo in blandit ultrices enim lorem ipsum dolor,Pontiac,Bonneville,1964,1
87,gravida sem praesent id massa id nisl venenatis lacinia aenean,MINI,Cooper,2009,6
88,dictumst etiam faucibus cursus urna ut tellus nulla ut erat,Buick,Regal,2004,2
89,quis orci nullam molestie nibh,Plymouth,Grand Voyager,1993,4
90,ante vivamus tortor duis mattis egestas metus aenean,Porsche,911,1985,4
91,phasellus id sapien in sapien iaculis congue vivamus metus,Saab,900,1996,6
92,ipsum primis in faucibus orci luctus et ultrices,Toyota,Camry Hybrid,2008,2
93,mollis molestie lorem quisque ut erat curabitur gravida nisi,Ford,Ranger,1991,1
94,ipsum ac tellus semper interdum mauris ullamcorper purus sit amet,Jaguar,XK,2007,3
95,odio odio elementum eu interdum eu tincidunt,Audi,A5,2008,1
96,lorem integer tincidunt ante vel ipsum praesent blandit,Lexus,ES,1995,3
97,maecenas pulvinar lobortis est phasellus sit amet erat nulla tempus,Buick,Electra,1985,2
98,purus sit amet nulla quisque,Pontiac,Grand Prix,1994,4
99,aliquet at feugiat non pretium,Volkswagen,Eurovan,1992,7
100,vestibulum velit id pretium iaculis diam,Mazda,RX-7,1984,6
101,placerat praesent blandit nam nulla integer pede,Mercedes-Benz,CL-Class,2005,2
102,justo sollicitudin ut suscipit a feugiat et eros,Nissan,Pathfinder,2008,7
103,diam id ornare imperdiet sapien urna pretium nisl ut,Mercedes-Benz,C-Class,1994,1
104,ut tellus nulla ut erat id mauris vulputate elementum nullam,Lincoln,Continental Mark VII,1986,3
105,eu massa donec dapibus duis at velit eu est,Volkswagen,GTI,1986,6
106,luctus tincidunt nulla mollis molestie lorem,Volvo,C70,2000,6
107,morbi non quam nec dui luctus rutrum nulla,Nissan,Altima,2003,7
108,interdum mauris ullamcorper purus sit amet,Mercedes-Benz,CLK-Class,2004,5
109,posuere cubilia curae donec pharetra magna vestibulum aliquet ultrices erat,Ford,F150,2006,2
110,nulla eget eros elementum pellentesque quisque porta,GMC,Savana 1500,1996,2
111,in est risus auctor sed tristique in tempus sit,Chevrolet,Malibu,2003,7
112,justo sit amet sapien dignissim vestibulum,Ford,E-Series,1988,7
113,at diam nam tristique tortor,Dodge,Ram 3500 Club,1995,6
114,tortor sollicitudin mi sit amet lobortis sapien sapien non mi,Chevrolet,Monte Carlo,2006,4
115,pharetra magna ac consequat metus sapien ut nunc,Lincoln,Town Car,1997,4
116,non velit nec nisi vulputate nonummy maecenas tincidunt lacus,Aston Martin,V12 Vantage,2011,4
117,amet lobortis sapien sapien non mi,Dodge,Durango,2007,5
118,orci luctus et ultrices posuere cubilia curae,Toyota,Solara,2001,2
119,amet eros suspendisse accumsan tortor,Subaru,Justy,1992,6
120,posuere felis sed lacus morbi sem mauris,Ford,Thunderbird,1991,1
121,est quam pharetra magna ac consequat,Volkswagen,Jetta,1992,7
122,integer pede justo lacinia eget tincidunt eget tempus,Volkswagen,Eos,2008,6
123,diam neque vestibulum eget vulputate ut ultrices,Pontiac,Grand Prix,1993,5
124,sed nisl nunc rhoncus dui vel sem sed sagittis,Acura,TL,2005,7
125,non pretium quis lectus suspendisse potenti in eleifend quam a,Mercury,Grand Marquis,1998,2
126,condimentum neque sapien placerat ante nulla,Toyota,Celica,2005,1
127,id ornare imperdiet sapien urna pretium nisl,Hyundai,Elantra,2008,4
128,at turpis donec posuere metus,Mazda,929,1988,3
129,in faucibus orci luctus et ultrices posuere cubilia curae duis,Subaru,Outback,2011,7
130,mauris non ligula pellentesque ultrices phasellus id sapien,Volvo,S80,2011,2
131,lorem vitae mattis nibh ligula nec sem duis aliquam convallis,Audi,S4,2000,7
132,vel accumsan tellus nisi eu orci mauris lacinia sapien,Suzuki,Verona,2006,1
133,integer a nibh in quis justo maecenas rhoncus,Ford,Bronco,1994,1
134,quis lectus suspendisse potenti in eleifend quam a odio,Toyota,Sequoia,2008,6
135,auctor sed tristique in tempus sit amet sem fusce consequat,Lincoln,Town Car,1993,1
136,consectetuer eget rutrum at lorem integer,Ford,Ranger,1992,3
137,lobortis convallis tortor risus dapibus augue vel accumsan,Land Rover,Defender,1993,5
138,lectus in est risus auctor,Mazda,B-Series,1996,4
139,ligula suspendisse ornare consequat lectus in est,Saab,9000,1993,4
140,elit ac nulla sed vel enim sit amet nunc,Lincoln,Town Car,2001,3
141,imperdiet sapien urna pretium nisl ut volutpat sapien arcu,Dodge,Sprinter,2006,3
142,posuere cubilia curae mauris viverra diam vitae quam,Volkswagen,Jetta,1992,6
143,iaculis congue vivamus metus arcu adipiscing molestie hendrerit,Infiniti,QX,2004,5
144,tempus vel pede morbi porttitor lorem id ligula,Buick,Enclave,2011,6
145,sed tincidunt eu felis fusce posuere,Mazda,MX-5,2008,2
146,posuere cubilia curae nulla dapibus dolor vel,Subaru,SVX,1993,4
147,vitae consectetuer eget rutrum at,Mercedes-Benz,SLS-Class,2011,2
148,vestibulum rutrum rutrum neque aenean auctor gravida,Mitsubishi,Truck,1989,1
149,varius integer ac leo pellentesque,Mercury,Marquis,1985,4
150,maecenas leo odio condimentum id luctus nec molestie sed justo,Hyundai,Elantra,1998,3
151,est quam pharetra magna ac consequat metus sapien ut,Mazda,Protege,1993,6
152,volutpat quam pede lobortis ligula sit amet,Buick,Regal,1991,3
153,vestibulum ante ipsum primis in faucibus,Mercedes-Benz,300D,1992,5
154,integer a nibh in quis justo maecenas rhoncus aliquam,Ford,E-Series,2001,2
155,convallis tortor risus dapibus augue vel accumsan tellus nisi,Plymouth,Roadrunner,1969,2
156,libero nam dui proin leo odio,Lexus,SC,2002,6
157,aliquet at feugiat non pretium quis lectus,Pontiac,1000,1986,7
158,venenatis tristique fusce congue diam id ornare imperdiet sapien urna,Isuzu,Trooper,2002,7
159,libero ut massa volutpat convallis morbi odio odio elementum,Mercedes-Benz,E-Class,1985,3
160,ut volutpat sapien arcu sed augue aliquam erat volutpat in,Chevrolet,3500,1999,5
161,vivamus vestibulum sagittis sapien cum sociis,Nissan,Pathfinder,2002,1
162,dui maecenas tristique est et tempus,Mazda,Protege,2002,6
163,duis aliquam convallis nunc proin at turpis,Dodge,Ram 2500 Club,1999,7
164,tellus nisi eu orci mauris lacinia,Pontiac,Parisienne,1984,1
165,sit amet eros suspendisse accumsan tortor quis,Cadillac,STS,2011,7
166,sapien iaculis congue vivamus metus arcu adipiscing,Aston Martin,Vantage,2007,3
167,aliquam non mauris morbi non,Ford,F-Series Super Duty,2007,3
168,pede lobortis ligula sit amet,Mazda,Mazda6,2003,2
169,curabitur convallis duis consequat dui nec nisi volutpat eleifend donec,Dodge,Caravan,2010,3
170,nisi eu orci mauris lacinia sapien quis libero nullam,Toyota,Sienna,2009,7
171,libero quis orci nullam molestie nibh in lectus pellentesque at,Ford,E-Series,2010,3
172,ultrices posuere cubilia curae nulla dapibus dolor vel,Dodge,Ram Van 3500,2001,3
173,mi in porttitor pede justo eu massa donec dapibus duis,Chevrolet,Impala,2002,2
174,curabitur at ipsum ac tellus semper interdum mauris ullamcorper purus,Pontiac,G5,2008,4
175,volutpat in congue etiam justo,Ford,F350,1997,2
176,faucibus cursus urna ut tellus nulla ut erat id mauris,Chevrolet,Avalanche,2012,2
177,pretium nisl ut volutpat sapien arcu sed augue aliquam,Mitsubishi,Truck,1988,3
178,non velit donec diam neque vestibulum eget,Mazda,MX-5,1994,7
179,habitasse platea dictumst maecenas ut massa quis augue luctus,Toyota,Prius,2001,6
180,libero rutrum ac lobortis vel dapibus at diam nam,Hyundai,Accent,2005,4
181,vestibulum sed magna at nunc commodo,Chevrolet,Sportvan G20,1994,1
182,aliquet massa id lobortis convallis tortor risus dapibus augue,Dodge,Ram Van 2500,2001,4
183,posuere cubilia curae donec pharetra magna vestibulum aliquet,Mitsubishi,Galant,2002,1
184,lobortis ligula sit amet eleifend pede libero quis orci,Ford,Econoline E150,1996,3
185,quis tortor id nulla ultrices aliquet maecenas leo odio condimentum,Oldsmobile,Bravada,1999,6
186,aliquet pulvinar sed nisl nunc rhoncus dui vel sem,Chevrolet,Corvette,1998,4
187,in porttitor pede justo eu massa,Ford,F350,1992,1
188,cum sociis natoque penatibus et magnis dis parturient,Mercedes-Benz,SLK-Class,2003,6
189,maecenas tincidunt lacus at velit vivamus vel nulla eget eros,Mitsubishi,Outlander,2007,1
190,parturient montes nascetur ridiculus mus etiam vel augue vestibulum rutrum,Buick,Enclave,2012,3
191,risus auctor sed tristique in tempus sit amet,Chevrolet,Blazer,2004,1
192,pellentesque volutpat dui maecenas tristique est et tempus,Chevrolet,Camaro,1978,5
193,suspendisse accumsan tortor quis turpis sed ante vivamus tortor,Chevrolet,Venture,2002,2
194,nisi volutpat eleifend donec ut dolor morbi vel lectus in,Volvo,S80,2004,5
195,rhoncus dui vel sem sed sagittis nam congue,Chevrolet,Lumina APV,1992,2
196,at turpis a pede posuere nonummy integer non,Toyota,RAV4,2012,7
197,posuere felis sed lacus morbi sem mauris laoreet ut,Ford,F250,1999,5
198,habitasse platea dictumst aliquam augue quam sollicitudin,Chevrolet,G-Series 1500,1996,7
199,dapibus duis at velit eu est congue elementum in hac,Chrysler,Town & Country,1998,3
200,fusce lacus purus aliquet at feugiat non pretium quis,Chevrolet,Monte Carlo,2005,7
201,vestibulum quam sapien varius ut blandit non interdum,Mercury,Milan,2009,6
202,pulvinar nulla pede ullamcorper augue a suscipit nulla elit,Volvo,V90,1997,1
203,condimentum id luctus nec molestie sed justo pellentesque,Mercedes-Benz,SLK-Class,2010,7
204,ac lobortis vel dapibus at diam,Chevrolet,G-Series 1500,1996,2
205,tortor risus dapibus augue vel accumsan,Porsche,911,1986,3
206,massa id lobortis convallis tortor risus dapibus augue vel,Chevrolet,Monte Carlo,2005,4
207,tortor quis turpis sed ante,Lexus,IS,2004,6
208,dapibus augue vel accumsan tellus nisi,Suzuki,Forenza,2006,4
209,luctus et ultrices posuere cubilia curae mauris,Lexus,GS,1998,2
210,erat fermentum justo nec condimentum neque,Lincoln,Town Car,1991,6
211,gravida nisi at nibh in,Toyota,4Runner,1993,5
212,aenean fermentum donec ut mauris eget massa tempor,Ford,Bronco,1985,7
213,dui proin leo odio porttitor id consequat,Mitsubishi,Eclipse,2012,6
214,nisl duis bibendum felis sed interdum venenatis turpis enim blandit,Volkswagen,Cabriolet,1995,1
215,curae nulla dapibus dolor vel est donec odio,Lincoln,LS,2002,7
216,ac diam cras pellentesque volutpat dui maecenas tristique,Dodge,Caravan,1985,5
217,nunc viverra dapibus nulla suscipit,Dodge,Stratus,2001,1
218,fusce posuere felis sed lacus,Nissan,Pathfinder,2012,2
219,eleifend pede libero quis orci nullam molestie nibh in lectus,Volkswagen,GTI,1999,5
220,metus aenean fermentum donec ut mauris,Audi,5000S,1984,6
221,proin eu mi nulla ac enim in,Cadillac,DeVille,1998,1
222,commodo placerat praesent blandit nam nulla integer pede justo,Chevrolet,Avalanche,2011,5
223,justo aliquam quis turpis eget elit sodales scelerisque mauris sit,Lexus,SC,2007,3
224,libero quis orci nullam molestie nibh in lectus,Volkswagen,Passat,1990,5
225,quisque erat eros viverra eget congue eget semper,Volkswagen,Corrado,1992,5
226,lacus at velit vivamus vel nulla eget eros,Pontiac,Bonneville,1965,5
227,ultrices posuere cubilia curae duis,Dodge,Ram Van 1500,1999,4
228,leo pellentesque ultrices mattis odio donec vitae nisi,Kia,Sephia,1995,6
229,accumsan tellus nisi eu orci mauris lacinia sapien,Mazda,626,1983,6
230,ut nulla sed accumsan felis ut at dolor,Cadillac,SRX,2009,4
231,fusce consequat nulla nisl nunc,Kia,Rio,2010,4
232,ultrices erat tortor sollicitudin mi sit amet lobortis,Ford,F150,1993,4
233,ultricies eu nibh quisque id,GMC,Suburban 1500,1996,5
234,ut erat curabitur gravida nisi at nibh in,Mercedes-Benz,SL-Class,1984,3
235,est phasellus sit amet erat,Mitsubishi,Mighty Max,1993,3
236,imperdiet nullam orci pede venenatis non,Porsche,911,2000,4
237,convallis morbi odio odio elementum eu,Buick,Roadmaster,1994,3
238,montes nascetur ridiculus mus etiam vel,Lincoln,Mark VIII,1996,2
239,risus praesent lectus vestibulum quam sapien varius ut,Mitsubishi,Starion,1988,4
240,etiam pretium iaculis justo in hac habitasse,Buick,Regal,2001,3
241,sed lacus morbi sem mauris laoreet ut,Ford,F350,2003,2
242,arcu sed augue aliquam erat volutpat in congue etiam,Ford,Courier,1987,4
243,id ligula suspendisse ornare consequat lectus in est,Nissan,Frontier,2004,1
244,velit donec diam neque vestibulum,Mazda,Navajo,1992,3
245,vestibulum sagittis sapien cum sociis natoque penatibus,Audi,riolet,1995,1
246,nec euismod scelerisque quam turpis,Pontiac,Firefly,1984,6
247,nulla nunc purus phasellus in felis,Pontiac,Aztek,2002,7
248,pharetra magna vestibulum aliquet ultrices erat tortor,Mercedes-Benz,S-Class,1993,2
249,molestie lorem quisque ut erat curabitur gravida nisi at nibh,Mazda,MX-5,2011,3
250,non pretium quis lectus suspendisse potenti,Dodge,Nitro,2011,5
251,ultrices posuere cubilia curae mauris viverra diam vitae quam suspendisse,Hyundai,Tucson,2012,5
252,viverra diam vitae quam suspendisse potenti nullam porttitor,Kia,Rondo,2008,5
253,faucibus orci luctus et ultrices posuere cubilia curae duis,Mercedes-Benz,S-Class,1995,7
254,sapien urna pretium nisl ut volutpat sapien,Chevrolet,Astro,1999,1
255,augue luctus tincidunt nulla mollis molestie lorem quisque,Toyota,Land Cruiser,2010,2
256,pretium nisl ut volutpat sapien,Aston Martin,Vantage,2011,7
257,in felis eu sapien cursus,Lexus,ES,1998,7
258,montes nascetur ridiculus mus etiam vel augue vestibulum rutrum rutrum,Volkswagen,Quantum,1984,4
259,tortor risus dapibus augue vel accumsan,Honda,CR-V,2005,3
260,magnis dis parturient montes nascetur,Ford,F250,2006,2
261,nullam sit amet turpis elementum ligula vehicula consequat morbi a,Porsche,944,1991,3
262,rutrum nulla tellus in sagittis dui,Subaru,Leone,1988,7
263,viverra eget congue eget semper rutrum,Kia,Sportage,2009,5
264,primis in faucibus orci luctus et ultrices posuere cubilia,Alfa Romeo,Spider,1992,2
265,in felis donec semper sapien a libero nam,Mazda,CX-7,2008,1
266,dapibus dolor vel est donec,Cadillac,Escalade,2000,7
267,natoque penatibus et magnis dis parturient montes nascetur ridiculus mus,Lexus,ES,2011,6
268,nullam sit amet turpis elementum ligula vehicula,Mitsubishi,Precis,1994,6
269,suscipit nulla elit ac nulla sed vel enim sit,Isuzu,VehiCROSS,1999,7
270,vivamus in felis eu sapien cursus vestibulum proin eu mi,Toyota,Yaris,2011,6
271,nisl venenatis lacinia aenean sit amet justo morbi,Mercedes-Benz,SLK-Class,2004,5
272,nec nisi volutpat eleifend donec ut dolor morbi,Cadillac,Escalade ESV,2011,7
273,placerat ante nulla justo aliquam quis turpis eget elit,Buick,LeSabre,1986,5
274,vestibulum velit id pretium iaculis,Audi,RS 4,2007,6
275,accumsan felis ut at dolor quis odio consequat varius,Volvo,S80,2006,7
276,ligula suspendisse ornare consequat lectus in est risus auctor sed,Honda,Pilot,2002,6
277,velit eu est congue elementum,Mercury,Grand Marquis,1999,7
278,leo odio condimentum id luctus nec,Volkswagen,GTI,2005,7
279,porttitor lacus at turpis donec posuere metus vitae ipsum,Volkswagen,GTI,2002,5
280,rutrum neque aenean auctor gravida sem,Audi,S4,2001,7
281,urna pretium nisl ut volutpat sapien arcu sed augue aliquam,Mercury,Villager,2001,2
282,augue a suscipit nulla elit ac,Mitsubishi,Diamante,2002,4
283,pellentesque ultrices phasellus id sapien in sapien iaculis congue,Toyota,Tercel,1997,7
284,sit amet eleifend pede libero quis orci nullam,Mitsubishi,Mirage,2002,4
285,tristique in tempus sit amet sem,Suzuki,Swift,2001,4
286,amet nunc viverra dapibus nulla suscipit ligula,Buick,Somerset,1986,7
287,imperdiet nullam orci pede venenatis non,Aston Martin,V8 Vantage S,2012,1
288,id pretium iaculis diam erat fermentum justo nec condimentum neque,Chevrolet,Silverado,2006,3
289,quam a odio in hac habitasse platea dictumst maecenas ut,Jaguar,XK Series,1999,2
290,venenatis lacinia aenean sit amet justo morbi ut odio cras,Mazda,Protege5,2002,2
291,vivamus tortor duis mattis egestas metus,Dodge,Ram 1500,2005,7
292,rutrum nulla tellus in sagittis dui vel nisl duis ac,Oldsmobile,Aurora,2003,4
293,habitasse platea dictumst etiam faucibus cursus urna,Ford,Crown Victoria,1999,3
294,pellentesque quisque porta volutpat erat quisque,Subaru,Brat,1984,7
295,ut volutpat sapien arcu sed augue aliquam erat volutpat,Subaru,Justy,1991,5
296,neque aenean auctor gravida sem praesent id,Honda,S2000,2006,6
297,lacus purus aliquet at feugiat non pretium,BMW,Alpina B7,2007,7
298,diam vitae quam suspendisse potenti nullam porttitor lacus at,Lincoln,Town Car,2010,5
299,sed lacus morbi sem mauris laoreet ut rhoncus aliquet,Mitsubishi,Galant,1996,6
300,enim blandit mi in porttitor pede justo eu,Suzuki,Swift,1999,2
301,nulla nunc purus phasellus in,Ford,Expedition,2010,7
302,nunc viverra dapibus nulla suscipit ligula in lacus,Lincoln,MKS,2011,7
303,posuere cubilia curae duis faucibus accumsan odio,Ford,Ranger,2007,7
304,arcu adipiscing molestie hendrerit at vulputate vitae,Mercedes-Benz,SL-Class,2007,2
305,id lobortis convallis tortor risus dapibus,Subaru,Legacy,1989,2
306,turpis donec posuere metus vitae ipsum aliquam non mauris morbi,Hummer,H2,2004,1
307,dolor vel est donec odio justo sollicitudin ut suscipit a,Volvo,C70,2013,2
308,viverra dapibus nulla suscipit ligula in lacus curabitur at,Lotus,Esprit,1992,6
309,maecenas tristique est et tempus semper est,Jaguar,XJ,2008,7
310,pretium quis lectus suspendisse potenti in eleifend,Subaru,Legacy,2011,4
311,tortor quis turpis sed ante vivamus,Spyker,C8,2005,6
312,nullam molestie nibh in lectus pellentesque at,Chevrolet,Tahoe,2001,1
313,amet eros suspendisse accumsan tortor quis turpis,GMC,Jimmy,1997,4
314,faucibus orci luctus et ultrices posuere,GMC,Yukon,2003,2
315,volutpat sapien arcu sed augue,Buick,Skylark,1989,4
316,congue etiam justo etiam pretium iaculis justo in hac habitasse,Honda,Ridgeline,2011,5
317,ligula vehicula consequat morbi a,Ford,F150,2000,7
318,ut nulla sed accumsan felis ut at dolor,Land Rover,Freelander,2011,3
319,lacus curabitur at ipsum ac tellus semper interdum mauris,Pontiac,G6,2005,2
320,quis turpis eget elit sodales scelerisque mauris sit amet,Chevrolet,Express 1500,2005,3
321,nullam sit amet turpis elementum ligula vehicula consequat morbi a,Cadillac,XLR,2004,3
322,orci luctus et ultrices posuere cubilia curae nulla dapibus,Toyota,Sequoia,2007,2
323,lectus pellentesque eget nunc donec quis orci eget,Cadillac,Seville,1996,4
324,congue etiam justo etiam pretium,Acura,RSX,2003,6
325,aliquet pulvinar sed nisl nunc rhoncus dui vel,Mercedes-Benz,SL-Class,1990,4
326,hac habitasse platea dictumst maecenas ut massa quis augue,Volvo,S80,2011,1
327,malesuada in imperdiet et commodo vulputate justo in blandit ultrices,Audi,riolet,1998,6
328,metus arcu adipiscing molestie hendrerit at,Dodge,Avenger,1995,4
329,adipiscing elit proin interdum mauris non,Dodge,Grand Caravan,2005,5
330,consequat varius integer ac leo,Buick,Lucerne,2011,1
331,dapibus duis at velit eu est congue,Mercedes-Benz,SLK-Class,2003,6
332,vel nisl duis ac nibh fusce,Nissan,350Z,2008,5
333,ultrices vel augue vestibulum ante ipsum primis in faucibus orci,Oldsmobile,88,1997,5
334,mauris lacinia sapien quis libero nullam sit,Dodge,Intrepid,1999,1
335,massa quis augue luctus tincidunt nulla,Volvo,V50,2011,5
336,felis fusce posuere felis sed lacus morbi sem mauris laoreet,Mitsubishi,Galant,1987,2
337,phasellus sit amet erat nulla tempus,Porsche,Boxster,2003,1
338,erat tortor sollicitudin mi sit amet lobortis sapien sapien non,Cadillac,Escalade ESV,2006,2
339,maecenas leo odio condimentum id luctus nec molestie sed justo,Ferrari,599 GTB Fiorano,2010,4
340,ante vivamus tortor duis mattis egestas metus aenean fermentum donec,Mercury,Mariner,2010,5
341,nascetur ridiculus mus vivamus vestibulum sagittis sapien cum sociis,Mercedes-Benz,E-Class,2008,6
342,quis turpis sed ante vivamus tortor duis mattis egestas,Ford,Crown Victoria,2002,4
343,vestibulum sagittis sapien cum sociis natoque penatibus et magnis dis,Ford,Explorer,1997,2
344,potenti in eleifend quam a odio in hac habitasse platea,Mercury,Mariner,2008,3
345,vitae ipsum aliquam non mauris morbi non lectus aliquam sit,Toyota,Sequoia,2006,7
346,magna vulputate luctus cum sociis natoque penatibus et,Toyota,Previa,1991,2
347,id justo sit amet sapien dignissim vestibulum vestibulum ante,Pontiac,Vibe,2003,5
348,turpis enim blandit mi in porttitor pede justo eu,Chevrolet,Blazer,1994,3
349,consectetuer adipiscing elit proin risus praesent,Porsche,Cayenne,2009,3
350,in blandit ultrices enim lorem ipsum dolor sit,Oldsmobile,Cutlass Supreme,1997,2
351,mauris eget massa tempor convallis nulla neque libero,Ford,Explorer Sport Trac,2002,2
352,nisi volutpat eleifend donec ut dolor morbi vel lectus in,Ford,Focus,2002,7
353,etiam vel augue vestibulum rutrum rutrum,Lincoln,MKS,2009,7
354,congue vivamus metus arcu adipiscing molestie,Aston Martin,V8 Vantage,2007,1
355,dolor sit amet consectetuer adipiscing elit,Pontiac,Grand Am,1990,4
356,eros suspendisse accumsan tortor quis turpis sed,Mercedes-Benz,Sprinter 2500,2011,4
357,habitasse platea dictumst aliquam augue quam,Audi,Q7,2008,5
358,velit vivamus vel nulla eget eros,Buick,Century,1999,4
359,eget elit sodales scelerisque mauris sit,Chevrolet,Suburban 2500,1999,5
360,vitae consectetuer eget rutrum at lorem integer,Mitsubishi,Pajero,2006,3
361,metus aenean fermentum donec ut mauris eget massa tempor convallis,Audi,A5,2008,4
362,placerat praesent blandit nam nulla integer pede justo lacinia,Mitsubishi,Galant,1985,2
363,ultrices libero non mattis pulvinar nulla pede ullamcorper,GMC,2500 Club Coupe,1998,1
364,dapibus nulla suscipit ligula in,Nissan,350Z Roadster,2006,7
365,ut erat curabitur gravida nisi,Lexus,IS F,2011,4
366,pulvinar sed nisl nunc rhoncus dui vel,GMC,Savana 3500,2003,5
367,ipsum dolor sit amet consectetuer,Hummer,H3,2008,3
368,sociis natoque penatibus et magnis dis parturient,Pontiac,Solstice,2007,1
369,sapien cursus vestibulum proin eu,Acura,RSX,2002,1
370,orci eget orci vehicula condimentum curabitur,Lamborghini,Diablo,1995,5
371,ipsum integer a nibh in,Isuzu,Rodeo,2004,6
372,ridiculus mus vivamus vestibulum sagittis,Honda,S2000,2004,4
373,aliquam quis turpis eget elit sodales scelerisque mauris,Cadillac,Escalade EXT,2002,6
374,justo maecenas rhoncus aliquam lacus morbi,Lexus,GX,2012,3
375,consequat metus sapien ut nunc vestibulum ante ipsum primis in,Pontiac,Firebird,1988,6
376,eget semper rutrum nulla nunc purus phasellus in,Mitsubishi,Starion,1985,7
377,nibh in hac habitasse platea dictumst aliquam augue,Nissan,Sentra,2009,6
378,iaculis congue vivamus metus arcu adipiscing molestie hendrerit at,GMC,Suburban 2500,1997,7
379,donec vitae nisi nam ultrices,Cadillac,DeVille,2004,6
380,in blandit ultrices enim lorem ipsum dolor sit amet consectetuer,Subaru,Legacy,2012,5
381,lacinia eget tincidunt eget tempus vel pede,Porsche,Cayman,2011,2
382,augue aliquam erat volutpat in congue,Honda,Element,2003,1
383,hendrerit at vulputate vitae nisl aenean,Pontiac,Firebird,2000,5
384,imperdiet et commodo vulputate justo in blandit,Suzuki,Forenza,2006,1
385,nam congue risus semper porta volutpat quam,Chevrolet,2500,1992,4
386,nulla nisl nunc nisl duis bibendum felis,Audi,4000CS Quattro,1986,5
387,dolor vel est donec odio justo sollicitudin ut,Oldsmobile,Intrigue,2001,4
388,eget orci vehicula condimentum curabitur in libero ut massa,BMW,M Roadster,2006,6
389,nam ultrices libero non mattis pulvinar,Chrysler,Concorde,1997,2
390,blandit lacinia erat vestibulum sed magna at,Chevrolet,Suburban 1500,2001,1
391,ac nulla sed vel enim sit amet,Chevrolet,Prizm,1999,6
392,amet eros suspendisse accumsan tortor quis turpis sed ante,Dodge,Ram 2500,2004,6
393,consequat morbi a ipsum integer a nibh in quis,Ford,F350,1994,3
394,eget semper rutrum nulla nunc purus phasellus in,Chevrolet,3500,1999,4
395,nulla dapibus dolor vel est donec odio justo sollicitudin ut,Volkswagen,Routan,2012,6
396,massa id nisl venenatis lacinia aenean,Hyundai,Accent,1995,1
397,venenatis turpis enim blandit mi in porttitor pede justo,Toyota,Tacoma,2002,3
398,vehicula condimentum curabitur in libero ut massa volutpat convallis,Hyundai,Santa Fe,2009,3
399,in faucibus orci luctus et ultrices posuere cubilia curae,Lincoln,Mark VIII,1998,7
400,orci luctus et ultrices posuere cubilia curae mauris viverra diam,Buick,Rendezvous,2004,7
401,morbi porttitor lorem id ligula suspendisse ornare consequat lectus,Volvo,XC70,2004,1
402,sapien quis libero nullam sit amet turpis elementum,Bentley,Continental GTC,2010,2
403,augue a suscipit nulla elit ac nulla sed vel enim,Kia,Sedona,2009,4
404,lobortis convallis tortor risus dapibus augue,Kia,Sportage,1999,6
405,proin risus praesent lectus vestibulum quam sapien varius,Cadillac,STS,2008,3
406,erat tortor sollicitudin mi sit amet lobortis sapien sapien,Buick,Skyhawk,1988,2
407,dapibus duis at velit eu est,GMC,2500,1996,6
408,habitasse platea dictumst maecenas ut massa,Honda,Pilot,2006,3
409,nunc vestibulum ante ipsum primis in faucibus,Volkswagen,GTI,2004,5
410,at turpis donec posuere metus vitae,Volkswagen,Jetta,1985,7
411,in blandit ultrices enim lorem,Subaru,XT,1988,2
412,maecenas ut massa quis augue luctus tincidunt nulla,Chevrolet,2500,1999,3
413,lobortis vel dapibus at diam nam,Lexus,IS,2009,2
414,porttitor pede justo eu massa donec dapibus,Lamborghini,Countach,1989,1
415,donec semper sapien a libero,GMC,Vandura 2500,1992,2
416,aenean fermentum donec ut mauris,Ford,Focus,2013,7
417,donec vitae nisi nam ultrices,Mazda,Mazda6,2008,2
418,magna vestibulum aliquet ultrices erat tortor sollicitudin mi,Plymouth,Colt,1993,2
419,convallis tortor risus dapibus augue vel accumsan tellus nisi eu,GMC,Savana 1500,2000,1
420,sollicitudin mi sit amet lobortis sapien sapien,Mazda,Tribute,2006,2
421,diam vitae quam suspendisse potenti nullam porttitor lacus,Chrysler,Sebring,1998,1
422,elit sodales scelerisque mauris sit,Chrysler,Pacifica,2007,3
423,vulputate vitae nisl aenean lectus pellentesque eget,Mercedes-Benz,SL-Class,2002,2
424,pharetra magna ac consequat metus sapien ut nunc vestibulum ante,Infiniti,QX,2001,4
425,imperdiet sapien urna pretium nisl ut volutpat sapien arcu sed,Saturn,S-Series,1997,4
426,justo sollicitudin ut suscipit a feugiat,GMC,Savana 1500,2007,3
427,pellentesque at nulla suspendisse potenti,Dodge,Dakota,2004,7
428,tempus vivamus in felis eu,Pontiac,Trans Sport,1999,2
429,nulla sed accumsan felis ut at,Chrysler,300,2010,2
430,aenean fermentum donec ut mauris eget massa tempor,Kia,Optima,2011,2
431,amet turpis elementum ligula vehicula consequat morbi a ipsum integer,Maserati,GranTurismo,2009,4
432,nullam orci pede venenatis non,Nissan,Maxima,2007,2
433,volutpat quam pede lobortis ligula sit amet eleifend pede libero,Mazda,Mazdaspeed 3,2007,2
434,odio porttitor id consequat in consequat ut nulla sed,Volvo,S60,2002,4
435,quam suspendisse potenti nullam porttitor lacus,Ford,Explorer,1997,5
436,suscipit nulla elit ac nulla sed vel,Mazda,MX-6,1991,1
437,mus etiam vel augue vestibulum rutrum rutrum neque,Porsche,Boxster,2011,1
438,in sapien iaculis congue vivamus metus,Ford,E-350 Super Duty,2006,5
439,vestibulum ante ipsum primis in,Cadillac,DeVille,1995,2
440,aliquet pulvinar sed nisl nunc rhoncus dui,Suzuki,SX4,2007,7
441,sem sed sagittis nam congue,GMC,Sierra 1500,2004,1
442,dolor sit amet consectetuer adipiscing elit proin interdum mauris,Lamborghini,Gallardo,2007,6
443,ultrices posuere cubilia curae donec pharetra,Mercedes-Benz,C-Class,1999,4
444,sapien arcu sed augue aliquam erat volutpat in congue etiam,Mercedes-Benz,300SE,1992,1
445,sapien placerat ante nulla justo aliquam,Volkswagen,New Beetle,2012,7
446,vel pede morbi porttitor lorem id ligula suspendisse,Buick,Skylark,1991,5
447,adipiscing elit proin interdum mauris non,Isuzu,i-290,2007,7
448,duis at velit eu est congue elementum in hac,Pontiac,G6,2008,2
449,quis justo maecenas rhoncus aliquam lacus morbi,Volkswagen,GTI,2008,1
450,luctus et ultrices posuere cubilia curae donec pharetra,Ford,F-Series,1987,7
451,consequat morbi a ipsum integer a nibh in quis,Toyota,Camry,1992,1
452,consequat dui nec nisi volutpat eleifend,Land Rover,Defender,1993,3
453,nibh in hac habitasse platea,Toyota,TundraMax,2009,6
454,eleifend donec ut dolor morbi vel lectus,Hyundai,Elantra,1993,5
455,elementum nullam varius nulla facilisi cras non,Honda,Pilot,2003,6
456,nunc vestibulum ante ipsum primis,Pontiac,Bonneville,2005,3
457,sit amet consectetuer adipiscing elit proin risus praesent,Land Rover,Discovery,1995,1
458,eget orci vehicula condimentum curabitur in,Mercedes-Benz,CLS-Class,2012,1
459,phasellus in felis donec semper sapien a libero,Chrysler,Voyager,2003,3
460,libero quis orci nullam molestie nibh in lectus pellentesque,Hyundai,Azera,2007,4
461,lacinia erat vestibulum sed magna,Dodge,Caravan,2011,6
462,quis tortor id nulla ultrices aliquet,Chrysler,Town & Country,1995,2
463,sociis natoque penatibus et magnis dis parturient montes,Ford,Club Wagon,1998,7
464,vestibulum proin eu mi nulla ac,Audi,5000S,1986,6
465,sed nisl nunc rhoncus dui vel sem sed,Mitsubishi,Eclipse,1997,1
466,nulla justo aliquam quis turpis eget elit,Dodge,Dakota Club,2001,2
467,aliquam sit amet diam in magna bibendum imperdiet,Chevrolet,Blazer,1999,7
468,quam a odio in hac,Mercedes-Benz,W201,1984,4
469,id nisl venenatis lacinia aenean sit amet justo,Mitsubishi,Galant,2002,5
470,erat tortor sollicitudin mi sit amet,Subaru,Tribeca,2012,5
471,sed tincidunt eu felis fusce posuere,Pontiac,Sunfire,2000,6
472,orci nullam molestie nibh in lectus pellentesque at nulla,Buick,Skylark,1996,5
473,et tempus semper est quam pharetra magna ac,Honda,Passport,1994,1
474,quisque ut erat curabitur gravida nisi at,Mitsubishi,GTO,1990,2
475,nisl ut volutpat sapien arcu sed augue aliquam,Toyota,RAV4,2008,3
476,convallis tortor risus dapibus augue vel accumsan tellus,Porsche,Boxster,2001,4
477,ipsum dolor sit amet consectetuer,Saturn,VUE,2008,1
478,eu magna vulputate luctus cum sociis natoque penatibus et magnis,Honda,CR-X,1984,1
479,congue elementum in hac habitasse platea dictumst morbi vestibulum,Mitsubishi,Pajero,1999,3
480,porttitor lacus at turpis donec,Chevrolet,Camaro,1972,7
481,adipiscing elit proin risus praesent lectus vestibulum quam sapien,Subaru,Baja,2003,6
482,diam cras pellentesque volutpat dui maecenas,GMC,Sierra 1500,2003,6
483,congue elementum in hac habitasse platea dictumst morbi,Saab,900,1995,4
484,vel ipsum praesent blandit lacinia,Chevrolet,G-Series 3500,1998,3
485,aenean lectus pellentesque eget nunc donec quis orci,BMW,X6,2009,1
486,sociis natoque penatibus et magnis dis parturient montes nascetur,Pontiac,Firebird,1984,7
487,ridiculus mus vivamus vestibulum sagittis,Chevrolet,G-Series G10,1995,6
488,vivamus in felis eu sapien cursus vestibulum,Mitsubishi,Galant,2008,7
489,ligula sit amet eleifend pede libero quis,Lexus,SC,2007,3
490,posuere nonummy integer non velit donec diam neque vestibulum eget,Cadillac,DeVille,2004,4
491,at velit vivamus vel nulla eget eros elementum,Jaguar,XJ Series,1998,6
492,et eros vestibulum ac est lacinia nisi,Mazda,Tribute,2003,2
493,quam suspendisse potenti nullam porttitor lacus at turpis,Porsche,Panamera,2011,5
494,maecenas tincidunt lacus at velit vivamus vel nulla,GMC,Envoy,1998,7
495,vivamus tortor duis mattis egestas metus aenean fermentum donec ut,Nissan,Versa,2007,5
496,dolor morbi vel lectus in quam fringilla,Oldsmobile,LSS,1998,4
497,vestibulum sit amet cursus id turpis integer aliquet massa id,Toyota,Tundra,2010,3
498,in tempor turpis nec euismod scelerisque quam turpis adipiscing,Lincoln,Town Car,2005,7
499,a feugiat et eros vestibulum ac est lacinia nisi venenatis,Ford,Thunderbird,1985,4
500,luctus nec molestie sed justo pellentesque viverra,Infiniti,M,2007,4
501,venenatis turpis enim blandit mi in porttitor pede justo,Mercedes-Benz,C-Class,1995,7
502,penatibus et magnis dis parturient montes nascetur ridiculus mus,Mercedes-Benz,CL-Class,2004,3
503,id pretium iaculis diam erat fermentum justo nec condimentum neque,Volkswagen,Golf,1993,5
504,nunc vestibulum ante ipsum primis in faucibus orci luctus et,Chevrolet,Corvette,1997,3
505,aenean auctor gravida sem praesent id massa,Jeep,Grand Cherokee,1999,2
506,turpis donec posuere metus vitae,Pontiac,Grand Prix,1989,6
507,platea dictumst maecenas ut massa quis,Cadillac,STS-V,2008,7
508,eu est congue elementum in hac,Ford,E250,2009,2
509,volutpat quam pede lobortis ligula sit amet eleifend pede libero,Chevrolet,Corvette,1965,1
510,ante vestibulum ante ipsum primis in faucibus orci,Ford,Ranger,1993,3
511,ultrices vel augue vestibulum ante ipsum,Mitsubishi,Lancer,2001,4
512,elementum ligula vehicula consequat morbi a ipsum,Infiniti,Q,2002,3
513,velit donec diam neque vestibulum,Maserati,Quattroporte,2012,5
514,cubilia curae donec pharetra magna vestibulum,Audi,A4,2001,7
515,nisl venenatis lacinia aenean sit amet justo morbi,Volvo,V40,2001,5
516,sem mauris laoreet ut rhoncus aliquet,Volvo,S60,2008,4
517,nisl nunc nisl duis bibendum,Cadillac,Seville,1992,5
518,justo pellentesque viverra pede ac,Oldsmobile,Cutlass,1997,2
519,quam pede lobortis ligula sit,Mitsubishi,GTO,1993,6
520,tortor sollicitudin mi sit amet lobortis,Lamborghini,Murciélago,2009,5
521,sapien a libero nam dui proin leo odio porttitor,Lexus,RX,2001,2
522,ultrices posuere cubilia curae donec pharetra,Pontiac,Grand Prix,2006,1
523,condimentum curabitur in libero ut massa volutpat convallis morbi odio,Mitsubishi,GTO,1998,4
524,urna ut tellus nulla ut erat id mauris vulputate,Mercury,Milan,2009,3
525,nibh fusce lacus purus aliquet,Volkswagen,Cabriolet,1989,7
526,erat eros viverra eget congue eget semper,Chevrolet,Express 2500,2003,4
527,pede posuere nonummy integer non velit,Ford,Econoline E350,1995,7
528,tortor duis mattis egestas metus aenean fermentum donec,Kia,Sedona,2010,6
529,sit amet consectetuer adipiscing elit proin,Nissan,Sentra,1991,2
530,sit amet nunc viverra dapibus,BMW,Z8,2003,1
531,cubilia curae donec pharetra magna vestibulum aliquet ultrices erat,Hyundai,Sonata,1997,3
532,sed sagittis nam congue risus semper porta volutpat quam,Chevrolet,Impala,2011,4
533,ultrices posuere cubilia curae nulla dapibus dolor vel est donec,Volkswagen,Passat,2009,6
534,at nunc commodo placerat praesent blandit,Kia,Sportage,1998,5
535,nulla suspendisse potenti cras in purus eu magna vulputate,Buick,Skylark,1998,3
536,massa volutpat convallis morbi odio,Lincoln,Continental Mark VII,1985,3
537,nulla elit ac nulla sed vel enim sit,Lincoln,Navigator L,2008,2
538,vestibulum quam sapien varius ut blandit non interdum in,Lexus,SC,2008,6
539,id ligula suspendisse ornare consequat lectus,Chevrolet,Camaro,1976,6
540,in est risus auctor sed tristique in tempus sit,Pontiac,Grand Prix,1966,1
541,tellus nulla ut erat id,Subaru,Outback,2000,2
542,diam neque vestibulum eget vulputate ut ultrices,Lexus,SC,1997,1
543,morbi ut odio cras mi pede malesuada in,BMW,X3,2004,3
544,penatibus et magnis dis parturient montes nascetur ridiculus mus,Subaru,XT,1989,1
545,nulla justo aliquam quis turpis,Volvo,C70,2001,1
546,condimentum id luctus nec molestie,Volkswagen,Jetta,2011,2
547,quam nec dui luctus rutrum nulla tellus in sagittis dui,Ford,Expedition,2000,2
548,imperdiet et commodo vulputate justo in,Porsche,911,1999,7
549,orci luctus et ultrices posuere cubilia curae duis,Toyota,Corolla,2003,7
550,eget tincidunt eget tempus vel,Mercedes-Benz,CL-Class,2005,5
551,fusce congue diam id ornare,Jaguar,XK Series,1997,5
552,in hac habitasse platea dictumst aliquam augue quam sollicitudin,Jaguar,XJ,2010,4
553,eu est congue elementum in hac habitasse,McLaren,MP4-12C,2012,1
554,accumsan tortor quis turpis sed,BMW,6 Series,2008,5
555,nam nulla integer pede justo lacinia,GMC,Acadia,2008,7
556,turpis sed ante vivamus tortor duis,Ford,E-Series,1995,3
557,non velit donec diam neque,GMC,Savana 2500,1998,7
558,tempor turpis nec euismod scelerisque quam,Mitsubishi,3000GT,1997,6
559,lacus morbi quis tortor id nulla ultrices aliquet,Mitsubishi,RVR,1995,4
560,lobortis sapien sapien non mi integer ac neque,Lincoln,Town Car,2009,2
561,diam erat fermentum justo nec condimentum neque sapien,Pontiac,Grand Prix,1993,1
562,id luctus nec molestie sed justo pellentesque,Mitsubishi,Truck,1989,2
563,augue a suscipit nulla elit ac nulla sed vel enim,Toyota,Prius,2008,6
564,turpis a pede posuere nonummy,Nissan,Maxima,2000,6
565,quis lectus suspendisse potenti in eleifend,GMC,Sierra 2500,2011,7
566,bibendum morbi non quam nec dui luctus rutrum nulla tellus,Dodge,Dakota Club,2000,3
567,turpis integer aliquet massa id lobortis,Chrysler,PT Cruiser,2008,4
568,velit vivamus vel nulla eget eros,Chevrolet,Express 3500,2011,7
569,nisi eu orci mauris lacinia sapien quis,Infiniti,M,2007,6
570,amet erat nulla tempus vivamus,Chrysler,Sebring,1998,1
571,donec odio justo sollicitudin ut,Chrysler,Sebring,1998,5
572,tristique est et tempus semper est quam pharetra magna ac,Lexus,ES,2004,4
573,justo nec condimentum neque sapien,GMC,Savana 3500,2005,6
574,duis at velit eu est congue elementum in hac habitasse,Volkswagen,Golf,1994,2
575,blandit ultrices enim lorem ipsum dolor sit,Infiniti,G35,2004,2
576,in faucibus orci luctus et,Volkswagen,Jetta,2000,7
577,elit proin interdum mauris non ligula pellentesque,GMC,Sierra 2500,2001,1
578,id sapien in sapien iaculis,Toyota,Highlander,2012,1
579,lorem ipsum dolor sit amet consectetuer adipiscing elit proin,Saturn,S-Series,2001,2
580,sit amet sapien dignissim vestibulum vestibulum,Honda,Passport,2002,2
581,convallis nunc proin at turpis a pede posuere nonummy,Subaru,Leone,1988,4
582,sed vestibulum sit amet cursus id turpis integer aliquet,Pontiac,Firebird,1995,1
583,eget vulputate ut ultrices vel augue vestibulum ante ipsum primis,Volkswagen,Passat,2003,7
584,sem sed sagittis nam congue,Mazda,Familia,1989,5
585,libero nullam sit amet turpis elementum ligula vehicula consequat,Volkswagen,Type 2,1987,2
586,interdum venenatis turpis enim blandit mi,Chevrolet,Express 2500,2006,6
587,rutrum neque aenean auctor gravida sem praesent id,BMW,Z4,2011,7
588,condimentum curabitur in libero ut massa volutpat convallis morbi,Chevrolet,Malibu,2006,5
589,mauris lacinia sapien quis libero nullam sit amet turpis,Audi,80/90,1988,6
590,luctus et ultrices posuere cubilia curae duis faucibus accumsan,Audi,4000s,1985,4
591,auctor gravida sem praesent id,Suzuki,Reno,2008,7
592,odio donec vitae nisi nam ultrices libero non mattis pulvinar,Suzuki,Sidekick,1994,4
593,sit amet sem fusce consequat nulla nisl,Subaru,Forester,2010,7
594,molestie sed justo pellentesque viverra pede ac,Porsche,911,1991,7
595,rhoncus mauris enim leo rhoncus sed vestibulum sit,Daihatsu,Charade,1992,6
596,posuere metus vitae ipsum aliquam,Rambler,Classic,1963,6
597,orci mauris lacinia sapien quis libero nullam sit,Lexus,GS,1993,3
598,eu orci mauris lacinia sapien quis libero,Ford,F-Series,2002,7
599,nascetur ridiculus mus etiam vel augue vestibulum rutrum,Mercury,Capri,1994,7
600,pede ac diam cras pellentesque,Jeep,Liberty,2003,3
601,tristique in tempus sit amet sem fusce consequat,Mercury,Sable,2000,4
602,hendrerit at vulputate vitae nisl aenean lectus pellentesque,Cadillac,STS-V,2009,3
603,curae donec pharetra magna vestibulum aliquet ultrices erat,GMC,2500 Club Coupe,1993,2
604,orci mauris lacinia sapien quis libero,Pontiac,Grand Prix,1991,2
605,mauris ullamcorper purus sit amet nulla quisque,Mercedes-Benz,W201,1984,5
606,orci luctus et ultrices posuere cubilia curae nulla dapibus,Mercedes-Benz,C-Class,2007,4
607,ut suscipit a feugiat et eros vestibulum ac,Mitsubishi,Sigma,1989,5
608,nisi venenatis tristique fusce congue diam,Kia,Borrego,2009,3
609,nec euismod scelerisque quam turpis adipiscing lorem vitae mattis,Buick,Coachbuilder,1990,7
610,nulla quisque arcu libero rutrum ac lobortis,Chevrolet,Impala,2011,6
611,augue vestibulum ante ipsum primis in faucibus orci luctus,Nissan,Quest,1997,7
612,nibh quisque id justo sit amet sapien,Honda,Element,2009,3
613,quis libero nullam sit amet turpis elementum,Chevrolet,Silverado 3500,2006,7
614,justo sollicitudin ut suscipit a,Chevrolet,Express 2500,2000,2
615,sem duis aliquam convallis nunc proin,GMC,Savana 2500,1999,7
616,egestas metus aenean fermentum donec,Dodge,Dakota Club,1998,6
617,augue vestibulum ante ipsum primis,Mitsubishi,Galant,2010,3
618,mauris morbi non lectus aliquam,GMC,Sierra 2500,2009,3
619,cum sociis natoque penatibus et,GMC,Sierra 2500,2000,7
620,nec dui luctus rutrum nulla,Mercedes-Benz,S-Class,1990,5
621,mi in porttitor pede justo,BMW,M5,2001,7
622,varius integer ac leo pellentesque ultrices mattis odio,Plymouth,Colt,1992,4
623,est risus auctor sed tristique,Volkswagen,Jetta,2001,7
624,leo pellentesque ultrices mattis odio donec,Ford,E250,2011,7
625,quam turpis adipiscing lorem vitae mattis,Pontiac,Grand Prix,1972,5
626,amet sem fusce consequat nulla nisl,Dodge,Grand Caravan,2000,3
627,cursus vestibulum proin eu mi nulla ac,Mercedes-Benz,300E,1992,7
628,in tempor turpis nec euismod,Chevrolet,Camaro,2002,6
629,praesent blandit nam nulla integer pede,Audi,A4,2003,4
630,lobortis vel dapibus at diam nam,Hyundai,Tiburon,2003,7
631,adipiscing lorem vitae mattis nibh ligula nec sem duis,Honda,Pilot,2002,4
632,posuere cubilia curae duis faucibus,Subaru,Outback,2002,3
633,adipiscing lorem vitae mattis nibh ligula nec sem,Toyota,Tundra,2001,5
634,fringilla rhoncus mauris enim leo rhoncus sed,Ford,F150,2004,6
635,consequat lectus in est risus auctor sed,Porsche,911,2005,1
636,turpis a pede posuere nonummy integer non velit donec diam,Jaguar,XK Series,1997,5
637,magna ac consequat metus sapien ut nunc vestibulum ante,Land Rover,Discovery,2007,5
638,nunc viverra dapibus nulla suscipit ligula in lacus,Ford,Explorer,1997,1
639,eu massa donec dapibus duis at velit eu est,BMW,5 Series,2001,7
640,nisl aenean lectus pellentesque eget nunc donec quis orci eget,Plymouth,Colt Vista,1993,4
641,cubilia curae nulla dapibus dolor,Cadillac,XLR,2005,6
642,blandit non interdum in ante vestibulum ante ipsum primis in,Mitsubishi,Eclipse,1999,3
643,vel est donec odio justo sollicitudin ut suscipit,Land Rover,Freelander,2005,7
644,suscipit ligula in lacus curabitur at ipsum ac tellus,Suzuki,Swift,1994,6
645,lacinia nisi venenatis tristique fusce congue,Ford,Thunderbird,1955,2
646,vivamus tortor duis mattis egestas metus aenean fermentum donec,Audi,A6,2012,6
647,interdum eu tincidunt in leo maecenas,Subaru,XT,1991,4
648,turpis sed ante vivamus tortor duis mattis egestas metus,GMC,2500,1998,5
649,pellentesque ultrices mattis odio donec vitae,Pontiac,Bonneville,1968,7
650,hac habitasse platea dictumst aliquam,Suzuki,Kizashi,2012,5
651,aliquet pulvinar sed nisl nunc rhoncus dui vel sem sed,Jaguar,XK,2007,5
652,aliquam convallis nunc proin at turpis a pede,Mercedes-Benz,S-Class,2000,7
653,felis eu sapien cursus vestibulum proin eu mi,BMW,5 Series,2001,6
654,risus auctor sed tristique in,Dodge,Nitro,2009,1
655,felis eu sapien cursus vestibulum proin eu mi nulla ac,GMC,Suburban 2500,1997,6
656,quam pede lobortis ligula sit amet,Dodge,Ram 1500,2002,7
657,orci vehicula condimentum curabitur in libero ut massa volutpat,Ford,F150,2009,3
658,integer aliquet massa id lobortis,Volkswagen,Golf,2005,5
659,amet erat nulla tempus vivamus in felis,Mazda,626,1995,7
660,sit amet nunc viverra dapibus nulla suscipit,Subaru,XT,1985,3
661,mattis odio donec vitae nisi nam,Mitsubishi,Lancer,2008,3
662,potenti cras in purus eu,Audi,90,1991,4
663,in eleifend quam a odio in hac habitasse platea dictumst,Volkswagen,Jetta,1986,3
664,diam id ornare imperdiet sapien urna pretium nisl ut volutpat,Lexus,SC,2010,7
665,fusce consequat nulla nisl nunc nisl duis,Toyota,RAV4,2006,5
666,imperdiet et commodo vulputate justo in blandit ultrices enim,Plymouth,Laser,1991,5
667,enim leo rhoncus sed vestibulum,Audi,Quattro,1994,5
668,erat vestibulum sed magna at nunc commodo placerat praesent blandit,Dodge,Viper,1994,2
669,elit proin interdum mauris non ligula pellentesque,Honda,Accord,1987,3
670,curabitur gravida nisi at nibh in hac habitasse,Mazda,929,1989,1
671,metus aenean fermentum donec ut mauris,Ford,F-Series,2011,2
672,consequat metus sapien ut nunc vestibulum ante ipsum primis in,Acura,RL,2004,2
673,tempus vivamus in felis eu sapien cursus vestibulum,Buick,Skylark,1991,4
674,tortor risus dapibus augue vel,Volvo,V70,2000,5
675,aliquet at feugiat non pretium quis lectus suspendisse,Chrysler,Sebring,2000,2
676,elit proin risus praesent lectus,Acura,TL,2004,1
677,nulla tempus vivamus in felis eu,BMW,X6 M,2012,7
678,nullam sit amet turpis elementum ligula vehicula consequat morbi,Volkswagen,Cabriolet,1998,2
679,a nibh in quis justo maecenas rhoncus aliquam lacus morbi,Honda,Accord,1996,7
680,nibh in lectus pellentesque at nulla suspendisse potenti cras,BMW,3 Series,2012,7
681,mauris laoreet ut rhoncus aliquet pulvinar sed nisl nunc rhoncus,Ford,LTD Crown Victoria,1989,4
682,aliquet ultrices erat tortor sollicitudin mi sit amet lobortis sapien,Mercedes-Benz,SL-Class,2002,4
683,mauris sit amet eros suspendisse accumsan tortor quis turpis,Suzuki,Swift,1998,3
684,tortor quis turpis sed ante,BMW,M3,1997,3
685,congue etiam justo etiam pretium,Chevrolet,3500,1998,1
686,id turpis integer aliquet massa id,Volkswagen,rio,2000,1
687,viverra dapibus nulla suscipit ligula,Volkswagen,Corrado,1993,7
688,etiam justo etiam pretium iaculis,Hyundai,Tiburon,1998,1
689,adipiscing elit proin interdum mauris,Land Rover,Discovery,2012,7
690,posuere cubilia curae mauris viverra diam vitae quam suspendisse potenti,Ford,Festiva,1990,1
691,in felis donec semper sapien,Volkswagen,Cabriolet,1995,6
692,habitasse platea dictumst aliquam augue quam,Volkswagen,riolet,1992,4
693,velit vivamus vel nulla eget eros elementum,Lincoln,Town Car,1987,7
694,ultrices libero non mattis pulvinar nulla pede ullamcorper,Nissan,Xterra,2002,6
695,nisi venenatis tristique fusce congue,Jaguar,S-Type,2008,7
696,convallis nunc proin at turpis a pede posuere nonummy integer,Ford,Focus,2000,2
697,posuere metus vitae ipsum aliquam non mauris morbi non lectus,Mitsubishi,Diamante,1998,6
698,mauris non ligula pellentesque ultrices,Mitsubishi,Truck,1988,5
699,in eleifend quam a odio,Ferrari,F430,2008,4
700,rutrum nulla tellus in sagittis dui vel nisl duis ac,Honda,CR-V,2011,1
701,in sagittis dui vel nisl duis ac nibh,Nissan,Xterra,2007,1
702,rutrum rutrum neque aenean auctor gravida sem,Acura,TSX,2006,1
703,quis libero nullam sit amet turpis elementum ligula vehicula,Mazda,MX-5,2011,2
704,massa volutpat convallis morbi odio odio elementum eu,Audi,5000S,1984,7
705,aliquam augue quam sollicitudin vitae consectetuer eget rutrum,Porsche,968,1995,5
706,nullam molestie nibh in lectus,Ford,E150,2005,4
707,vel nisl duis ac nibh fusce lacus purus aliquet at,Mitsubishi,Lancer Evolution,2003,1
708,pharetra magna vestibulum aliquet ultrices erat tortor sollicitudin,Chrysler,Concorde,1999,5
709,pharetra magna vestibulum aliquet ultrices erat tortor sollicitudin mi sit,Mazda,CX-5,2013,5
710,lobortis convallis tortor risus dapibus augue vel accumsan tellus nisi,Toyota,RAV4,1996,7
711,lobortis vel dapibus at diam,Honda,Odyssey,2011,3
712,nullam porttitor lacus at turpis donec,GMC,Savana,2012,6
713,quam turpis adipiscing lorem vitae,Jaguar,S-Type,2008,3
714,amet eleifend pede libero quis,Mitsubishi,Montero,1997,7
715,suspendisse potenti in eleifend quam a odio in hac,Buick,LeSabre,1985,1
716,cras pellentesque volutpat dui maecenas tristique est et tempus,Mercedes-Benz,GL-Class,2011,1
717,in ante vestibulum ante ipsum primis in faucibus,Porsche,Cayenne,2006,3
718,semper sapien a libero nam dui proin leo odio porttitor,Hyundai,Santa Fe,2003,5
719,amet erat nulla tempus vivamus in felis,Mazda,B-Series,2009,6
720,ut ultrices vel augue vestibulum ante,Subaru,Impreza,2006,1
721,pharetra magna ac consequat metus sapien ut,Audi,A4,2009,3
722,vel lectus in quam fringilla rhoncus mauris enim leo,Infiniti,G,2006,7
723,vehicula condimentum curabitur in libero ut massa volutpat convallis,Volvo,C70,2006,5
724,erat curabitur gravida nisi at nibh in,Dodge,Ram 1500 Club,2001,7
725,interdum in ante vestibulum ante ipsum primis in,GMC,1500 Club Coupe,1994,6
726,vestibulum ante ipsum primis in faucibus orci luctus et,Chevrolet,Suburban 1500,2010,4
727,in tempor turpis nec euismod scelerisque,Mazda,Miata MX-5,1997,7
728,id consequat in consequat ut nulla,Audi,A4,1999,1
729,volutpat erat quisque erat eros,Oldsmobile,98,1995,4
730,non sodales sed tincidunt eu felis fusce,Dodge,Intrepid,2000,1
731,non pretium quis lectus suspendisse,Toyota,Tundra,2010,4
732,vivamus vestibulum sagittis sapien cum sociis natoque penatibus et magnis,Honda,S2000,2005,4
733,vestibulum sit amet cursus id turpis integer aliquet,Jeep,Grand Cherokee,1995,7
734,dictumst morbi vestibulum velit id pretium,Mercedes-Benz,W201,1989,1
735,massa id nisl venenatis lacinia aenean,Mercury,Grand Marquis,1990,2
736,sapien cum sociis natoque penatibus et magnis,Suzuki,Sidekick,1998,6
737,commodo vulputate justo in blandit ultrices enim lorem,Lexus,ES,1990,6
738,justo pellentesque viverra pede ac,Volvo,960,1993,2
739,quis augue luctus tincidunt nulla mollis molestie lorem quisque ut,Nissan,Titan,2012,5
740,ipsum primis in faucibus orci luctus et ultrices,Pontiac,Grand Prix,2000,3
741,in porttitor pede justo eu massa donec dapibus duis,Ford,Econoline E350,1998,4
742,consequat ut nulla sed accumsan felis ut,Toyota,Land Cruiser,2000,5
743,nulla ultrices aliquet maecenas leo,Bentley,Continental,2009,1
744,lacinia nisi venenatis tristique fusce congue diam id ornare,Ford,Contour,1998,5
745,nec euismod scelerisque quam turpis adipiscing lorem vitae mattis,Volkswagen,New Beetle,2012,7
746,et ultrices posuere cubilia curae mauris viverra diam vitae,Chrysler,Sebring,2006,2
747,semper est quam pharetra magna,Toyota,Tacoma,1996,7
748,morbi vestibulum velit id pretium iaculis diam erat fermentum,Dodge,Stratus,2002,4
749,et commodo vulputate justo in blandit,Dodge,Challenger,2008,7
750,parturient montes nascetur ridiculus mus etiam,Ford,Explorer Sport Trac,2002,3
751,ipsum primis in faucibus orci luctus et,GMC,Sierra 3500,2007,5
752,nisi venenatis tristique fusce congue diam,Mitsubishi,Truck,1990,5
753,id justo sit amet sapien dignissim vestibulum vestibulum ante,Ford,Explorer,2004,6
754,aenean lectus pellentesque eget nunc donec quis orci,Hyundai,Tiburon,1999,7
755,morbi vestibulum velit id pretium iaculis,Dodge,Ram Van B150,1994,1
756,id sapien in sapien iaculis congue,Nissan,Maxima,1993,1
757,mi integer ac neque duis,GMC,Yukon,2012,4
758,accumsan tellus nisi eu orci mauris,Chevrolet,Silverado 2500,2004,5
759,vestibulum rutrum rutrum neque aenean auctor gravida sem praesent,Chevrolet,Suburban 2500,1996,5
760,faucibus orci luctus et ultrices posuere cubilia curae donec,Chevrolet,Express 3500,2006,1
761,ultrices posuere cubilia curae nulla dapibus dolor,GMC,Savana,2010,2
762,nisi nam ultrices libero non mattis pulvinar nulla,Land Rover,Range Rover,1987,6
763,ut dolor morbi vel lectus in,Ford,Expedition,2012,2
764,nam ultrices libero non mattis,Porsche,Carrera GT,2004,2
765,quis libero nullam sit amet turpis elementum,Mitsubishi,Raider,2006,4
766,eleifend quam a odio in hac habitasse platea dictumst,MINI,Countryman,2011,2
767,ante ipsum primis in faucibus orci luctus,BMW,745,2002,7
768,nascetur ridiculus mus etiam vel augue vestibulum rutrum rutrum neque,Pontiac,Gemini,1988,4
769,elit proin risus praesent lectus vestibulum quam sapien varius ut,Land Rover,LR2,2011,3
770,quam turpis adipiscing lorem vitae,Buick,Rendezvous,2002,1
771,luctus ultricies eu nibh quisque,Acura,Integra,1998,1
772,consequat in consequat ut nulla,Chevrolet,3500,1998,7
773,justo sit amet sapien dignissim,Ford,F350,2011,2
774,mauris non ligula pellentesque ultrices phasellus id,Nissan,Pathfinder,2010,1
775,id pretium iaculis diam erat fermentum justo nec,Chevrolet,Venture,2002,6
776,dapibus nulla suscipit ligula in lacus,Maserati,Biturbo,1985,1
777,in faucibus orci luctus et ultrices posuere cubilia,GMC,Sierra,2009,7
778,luctus tincidunt nulla mollis molestie,Chrysler,PT Cruiser,2008,7
779,semper est quam pharetra magna,Audi,A4,2011,4
780,nullam varius nulla facilisi cras,Mercedes-Benz,600SEL,1992,1
781,placerat praesent blandit nam nulla integer pede,Oldsmobile,Silhouette,1994,1
782,ligula sit amet eleifend pede libero quis orci nullam molestie,GMC,Sierra 2500,2004,3
783,sollicitudin vitae consectetuer eget rutrum,Chevrolet,Colorado,2010,5
784,libero convallis eget eleifend luctus ultricies eu nibh quisque,Mitsubishi,Lancer Evolution,2011,1
785,non mattis pulvinar nulla pede ullamcorper augue,Acura,TSX,2008,5
786,magna vestibulum aliquet ultrices erat tortor sollicitudin mi sit amet,Hyundai,Santa Fe,2006,2
787,vestibulum vestibulum ante ipsum primis in,Kia,Spectra,2007,7
788,mauris morbi non lectus aliquam sit amet diam,Lexus,ES,2001,1
789,duis consequat dui nec nisi volutpat eleifend donec,Mercury,Cougar,1996,4
790,elementum pellentesque quisque porta volutpat erat quisque erat,Jeep,Liberty,2002,1
791,neque libero convallis eget eleifend luctus ultricies eu nibh,Ford,F250,2002,2
792,at nibh in hac habitasse platea dictumst,Saab,9000,1989,2
793,nibh fusce lacus purus aliquet,GMC,Savana 3500,1998,5
794,nisi eu orci mauris lacinia sapien quis libero nullam,Chrysler,Concorde,2002,6
795,tristique in tempus sit amet sem,Porsche,928,1987,5
796,id pretium iaculis diam erat fermentum justo nec condimentum,Toyota,Celica,1993,7
797,maecenas pulvinar lobortis est phasellus sit amet erat nulla,Mercedes-Benz,CLS-Class,2008,7
798,vulputate luctus cum sociis natoque penatibus et,Hummer,H1,2002,3
799,risus praesent lectus vestibulum quam,Mercury,Montego,2006,7
800,duis ac nibh fusce lacus,Hyundai,Accent,2013,2
801,ut at dolor quis odio consequat,GMC,Envoy,2004,6
802,dapibus duis at velit eu est congue elementum,Mazda,626,1988,2
803,viverra dapibus nulla suscipit ligula in lacus curabitur,Chevrolet,G-Series G10,1992,1
804,luctus ultricies eu nibh quisque id justo,Acura,RL,1999,5
805,placerat praesent blandit nam nulla,Mazda,626,2001,4
806,tellus nisi eu orci mauris lacinia sapien,Lexus,ES,2007,3
807,neque libero convallis eget eleifend luctus ultricies eu nibh,Dodge,Ram Wagon B250,1992,7
808,phasellus id sapien in sapien iaculis congue,Maserati,Gran Sport,2006,1
809,sed lacus morbi sem mauris laoreet ut rhoncus aliquet,Dodge,Grand Caravan,2007,7
810,sem duis aliquam convallis nunc proin at,Geo,Metro,1995,4
811,ut at dolor quis odio consequat varius integer ac,Ford,Transit Connect,2013,6
812,augue vel accumsan tellus nisi eu orci mauris,Ford,Taurus,1988,3
813,nulla justo aliquam quis turpis eget elit sodales scelerisque,Dodge,Shadow,1992,3
814,augue luctus tincidunt nulla mollis,BMW,5 Series,2011,2
815,in quam fringilla rhoncus mauris enim leo rhoncus sed,Chevrolet,Monte Carlo,2005,5
816,vehicula condimentum curabitur in libero ut massa volutpat,Hummer,H1,1998,1
817,eget eleifend luctus ultricies eu,Suzuki,XL7,2006,5
818,primis in faucibus orci luctus et ultrices,Nissan,Titan,2010,6
819,risus dapibus augue vel accumsan tellus nisi eu,Mazda,Mazda5,2007,2
820,nunc nisl duis bibendum felis sed interdum venenatis turpis,Ford,Crown Victoria,1999,7
821,interdum mauris ullamcorper purus sit amet,Mitsubishi,GTO,1990,2
822,eget rutrum at lorem integer tincidunt ante vel,Buick,Century,2005,7
823,congue diam id ornare imperdiet sapien urna pretium nisl,Chevrolet,Suburban 1500,2001,3
824,proin at turpis a pede posuere,Pontiac,LeMans,1992,2
825,pede malesuada in imperdiet et commodo,Chevrolet,Venture,2004,2
826,ipsum ac tellus semper interdum mauris ullamcorper purus sit,Chrysler,Fifth Ave,1993,6
827,sagittis dui vel nisl duis ac nibh,Suzuki,Grand Vitara,2005,7
828,diam cras pellentesque volutpat dui,Mercedes-Benz,E-Class,2001,4
829,curae nulla dapibus dolor vel est donec odio justo sollicitudin,Mercedes-Benz,M-Class,2002,4
830,at lorem integer tincidunt ante vel ipsum,Acura,MDX,2005,2
831,amet eros suspendisse accumsan tortor quis turpis sed,GMC,Yukon,2007,3
832,elit proin interdum mauris non ligula pellentesque ultrices phasellus,Plymouth,Laser,1990,6
833,odio condimentum id luctus nec molestie sed justo pellentesque viverra,Mercedes-Benz,C-Class,1994,2
834,non lectus aliquam sit amet diam in magna bibendum imperdiet,Ford,Excursion,2005,5
835,purus phasellus in felis donec semper sapien a libero nam,Saturn,S-Series,1995,4
836,sit amet sapien dignissim vestibulum vestibulum,Chrysler,Imperial,1993,5
837,pede libero quis orci nullam molestie,GMC,Savana 2500,2006,1
838,quisque id justo sit amet sapien dignissim vestibulum vestibulum ante,Chevrolet,2500,1995,4
839,vel enim sit amet nunc viverra dapibus,Kia,Amanti,2005,6
840,donec vitae nisi nam ultrices libero non mattis pulvinar,GMC,Savana 2500,1996,4
841,lectus suspendisse potenti in eleifend quam,Mitsubishi,Eclipse,2003,2
842,fusce posuere felis sed lacus morbi sem mauris laoreet ut,Bentley,Continental,2007,7
843,erat id mauris vulputate elementum nullam varius nulla facilisi cras,Plymouth,Neon,1995,3
844,gravida sem praesent id massa id nisl venenatis lacinia aenean,Saturn,VUE,2009,6
845,dolor quis odio consequat varius integer ac leo,Honda,Passport,2001,7
846,est et tempus semper est quam pharetra magna ac,GMC,Savana 1500,2012,2
847,sed ante vivamus tortor duis mattis egestas metus aenean fermentum,Chevrolet,G-Series G30,1995,7
848,ornare consequat lectus in est,Chevrolet,Corvette,1986,3
849,aliquam augue quam sollicitudin vitae consectetuer,Mitsubishi,Eclipse,1991,1
850,pede justo eu massa donec dapibus duis,Ford,F-Series,1996,4
851,varius nulla facilisi cras non velit,Hyundai,Tiburon,1997,3
852,luctus ultricies eu nibh quisque id justo sit,Pontiac,Vibe,2008,3
853,vestibulum velit id pretium iaculis,Mercury,Cougar,1991,7
854,enim leo rhoncus sed vestibulum sit amet cursus,Mercury,Topaz,1987,1
855,odio elementum eu interdum eu tincidunt in leo maecenas pulvinar,Ford,Taurus,1997,6
856,etiam pretium iaculis justo in hac habitasse platea,Mazda,MPV,2001,6
857,non mattis pulvinar nulla pede,Dodge,Ram Van 1500,2003,2
858,at vulputate vitae nisl aenean,Cadillac,Escalade EXT,2005,7
859,amet consectetuer adipiscing elit proin interdum mauris non ligula pellentesque,Mitsubishi,Eclipse,1994,6
860,amet consectetuer adipiscing elit proin interdum mauris non,Toyota,Land Cruiser,1996,4
861,pellentesque at nulla suspendisse potenti cras in purus eu,Ford,Edge,2009,5
862,condimentum id luctus nec molestie sed justo pellentesque,Lotus,Esprit,1985,1
863,curae nulla dapibus dolor vel est donec odio justo sollicitudin,Dodge,Durango,2003,2
864,pulvinar sed nisl nunc rhoncus dui vel sem sed sagittis,Dodge,Charger,2011,7
865,quis tortor id nulla ultrices aliquet maecenas leo odio condimentum,Mitsubishi,Mighty Max Macro,1993,7
866,donec ut dolor morbi vel lectus in quam,Mercedes-Benz,S-Class,1991,4
867,pede ac diam cras pellentesque,Audi,S6,2009,6
868,volutpat sapien arcu sed augue aliquam erat volutpat in congue,Ford,F-Series,1993,2
869,purus sit amet nulla quisque,Lamborghini,Diablo,1990,1
870,augue aliquam erat volutpat in congue etiam justo,Toyota,Corolla,2001,7
871,velit id pretium iaculis diam erat fermentum,Mitsubishi,Lancer,2007,2
872,habitasse platea dictumst morbi vestibulum velit id,Jeep,Wrangler,2011,4
873,lectus in est risus auctor sed tristique in tempus,Mitsubishi,Diamante,2004,7
874,at lorem integer tincidunt ante vel ipsum praesent blandit,Mazda,MPV,1997,4
875,amet lobortis sapien sapien non mi integer,Toyota,Sequoia,2005,2
876,lorem quisque ut erat curabitur gravida nisi at,Lotus,Exige,2008,5
877,consequat lectus in est risus auctor,Honda,Insight,2010,4
878,lorem integer tincidunt ante vel ipsum praesent blandit lacinia,Scion,xD,2009,7
879,euismod scelerisque quam turpis adipiscing,Chevrolet,Aveo,2009,5
880,tincidunt lacus at velit vivamus vel,Morgan,Aero 8,2009,7
881,vitae mattis nibh ligula nec sem duis aliquam convallis,Volvo,V50,2009,2
882,dolor quis odio consequat varius,Porsche,Cayman,2012,1
883,turpis sed ante vivamus tortor duis,Hyundai,Entourage,2009,6
884,rutrum ac lobortis vel dapibus at diam nam tristique tortor,Ram,3500,2012,5
885,consequat metus sapien ut nunc vestibulum ante ipsum,Mazda,Protege,1994,4
886,turpis sed ante vivamus tortor duis mattis,Toyota,Celica,1993,7
887,nullam orci pede venenatis non sodales,Toyota,T100,1997,3
888,in tempus sit amet sem,Jaguar,XF,2011,5
889,nulla nunc purus phasellus in felis donec semper sapien,Lincoln,Town Car,2003,7
890,nam tristique tortor eu pede,Dodge,Dakota,1992,7
891,diam id ornare imperdiet sapien urna,Cadillac,SRX,2005,1
892,sapien non mi integer ac neque,Acura,NSX,1997,6
893,non sodales sed tincidunt eu felis,BMW,8 Series,1992,5
894,quis justo maecenas rhoncus aliquam,Suzuki,SX4,2011,1
895,scelerisque mauris sit amet eros suspendisse accumsan tortor,Volkswagen,Jetta,2004,6
896,gravida nisi at nibh in hac,Mercedes-Benz,Sprinter,2011,5
897,lorem ipsum dolor sit amet consectetuer adipiscing elit,Saturn,S-Series,1996,2
898,ut dolor morbi vel lectus,Ford,EXP,1985,2
899,id ligula suspendisse ornare consequat lectus in est risus auctor,Toyota,Paseo,1995,4
900,suscipit nulla elit ac nulla sed vel enim sit,Chevrolet,Silverado 2500,2001,2
901,erat id mauris vulputate elementum nullam varius nulla,Plymouth,Reliant,1981,4
902,commodo vulputate justo in blandit ultrices enim lorem ipsum,Dodge,Ram Van B350,1994,2
903,praesent blandit lacinia erat vestibulum,Geo,Metro,1994,2
904,adipiscing elit proin risus praesent lectus vestibulum quam,Nissan,Maxima,1992,1
905,turpis enim blandit mi in porttitor pede justo,Nissan,Frontier,2009,1
906,tortor id nulla ultrices aliquet maecenas leo odio,Toyota,4Runner,1996,7
907,mauris sit amet eros suspendisse accumsan tortor quis turpis,Dodge,Ram 3500 Club,1997,2
908,in blandit ultrices enim lorem ipsum dolor sit amet consectetuer,BMW,760,2005,2
909,ipsum integer a nibh in,Pontiac,Montana SV6,2005,2
910,justo morbi ut odio cras mi pede malesuada in imperdiet,Mazda,Tribute,2004,2
911,justo in hac habitasse platea dictumst etiam,Buick,Reatta,1990,6
912,eget rutrum at lorem integer tincidunt,Ford,Escort,2002,3
913,proin leo odio porttitor id,Mitsubishi,Endeavor,2009,1
914,vivamus vel nulla eget eros elementum,Oldsmobile,Achieva,1994,4
915,semper rutrum nulla nunc purus phasellus in,Honda,Insight,2003,2
916,platea dictumst etiam faucibus cursus urna ut tellus nulla,Plymouth,Voyager,1998,3
917,consequat dui nec nisi volutpat eleifend donec ut dolor morbi,Chrysler,Town & Country,1999,3
918,mauris eget massa tempor convallis nulla neque libero convallis,Volkswagen,Type 2,1987,2
919,ante ipsum primis in faucibus orci luctus et,Audi,A8,2004,7
920,enim sit amet nunc viverra dapibus nulla suscipit ligula,Ford,Ranger,1985,5
921,massa id lobortis convallis tortor risus,Chevrolet,Aveo,2010,6
922,nibh in hac habitasse platea dictumst aliquam augue,Honda,Odyssey,2011,7
923,lectus aliquam sit amet diam in magna bibendum,Chevrolet,2500,2000,4
924,ac consequat metus sapien ut,Chevrolet,Malibu,2013,3
925,et ultrices posuere cubilia curae,Dodge,Grand Caravan,2003,6
926,tempor turpis nec euismod scelerisque,Chrysler,Sebring,2005,1
927,integer pede justo lacinia eget,Ford,E250,2006,3
928,duis bibendum felis sed interdum venenatis turpis,Chevrolet,Aveo,2011,2
929,felis donec semper sapien a libero nam dui proin,Mitsubishi,Lancer,2001,5
930,aliquam erat volutpat in congue etiam justo,Volkswagen,Touareg,2005,4
931,libero quis orci nullam molestie,Ford,GT500,2008,6
932,curabitur convallis duis consequat dui nec,Ford,Aerostar,1994,5
933,leo odio porttitor id consequat in consequat ut nulla,Chevrolet,2500,1997,1
934,nullam molestie nibh in lectus pellentesque,Chrysler,Town & Country,1998,3
935,molestie nibh in lectus pellentesque at nulla suspendisse,Suzuki,Verona,2005,4
936,nibh ligula nec sem duis aliquam convallis nunc proin at,Dodge,Grand Caravan,1993,3
937,id ornare imperdiet sapien urna pretium nisl ut volutpat,GMC,2500,1993,2
938,nulla neque libero convallis eget eleifend luctus ultricies eu nibh,Jeep,Cherokee,2001,4
939,eget tincidunt eget tempus vel pede morbi porttitor,Saab,9000,1998,4
940,tristique in tempus sit amet sem fusce consequat nulla,Pontiac,LeMans,1968,7
941,amet diam in magna bibendum imperdiet nullam orci,Toyota,Tundra,2008,3
942,id luctus nec molestie sed justo pellentesque,Saturn,S-Series,1992,1
943,nunc viverra dapibus nulla suscipit,Lamborghini,Diablo,1995,5
944,turpis donec posuere metus vitae ipsum,Nissan,240SX,1997,3
945,nunc commodo placerat praesent blandit nam,GMC,Yukon,2006,1
946,blandit mi in porttitor pede justo eu massa donec,Mercedes-Benz,SL-Class,2003,3
947,neque sapien placerat ante nulla justo aliquam quis turpis,Audi,S6,2002,4
948,justo morbi ut odio cras mi pede malesuada in imperdiet,Suzuki,Forenza,2005,3
949,eget rutrum at lorem integer,Buick,Century,1998,7
950,nunc viverra dapibus nulla suscipit ligula,Volkswagen,Cabriolet,2002,2
951,facilisi cras non velit nec nisi vulputate nonummy maecenas,Dodge,Neon,2001,5
952,amet eros suspendisse accumsan tortor quis turpis,Chevrolet,Blazer,2001,5
953,ut tellus nulla ut erat,Mazda,Mazda3,2007,6
954,aliquam non mauris morbi non lectus aliquam sit,Chevrolet,Suburban,2009,3
955,ac consequat metus sapien ut nunc vestibulum ante ipsum,Lincoln,LS,2001,7
956,justo in hac habitasse platea,Plymouth,Voyager,1985,5
957,erat tortor sollicitudin mi sit amet lobortis,Audi,Q7,2010,1
958,sodales scelerisque mauris sit amet eros suspendisse accumsan tortor quis,Chrysler,300,2007,2
959,a libero nam dui proin leo,Mazda,626,2001,3
960,ridiculus mus vivamus vestibulum sagittis sapien,Saab,9-3,2006,7
961,id justo sit amet sapien dignissim,BMW,7 Series,1999,4
962,donec posuere metus vitae ipsum aliquam,BMW,7 Series,2010,1
963,congue etiam justo etiam pretium iaculis,Mazda,626,1992,1
964,vestibulum aliquet ultrices erat tortor sollicitudin mi sit,Mercedes-Benz,E-Class,1989,1
965,donec diam neque vestibulum eget,GMC,Envoy,2006,2
966,varius ut blandit non interdum in ante vestibulum ante,Buick,Riviera,1997,1
967,dolor sit amet consectetuer adipiscing elit,Suzuki,Swift,1990,3
968,ut massa quis augue luctus tincidunt nulla,Dodge,Grand Caravan,2012,4
969,vitae ipsum aliquam non mauris morbi non lectus,Hyundai,Sonata,1998,2
970,primis in faucibus orci luctus,Hyundai,Genesis Coupe,2010,6
971,pretium iaculis diam erat fermentum justo nec condimentum,Ford,F250,2006,2
972,ullamcorper augue a suscipit nulla elit ac nulla,Nissan,200SX,1998,3
973,sit amet sapien dignissim vestibulum vestibulum ante,Bentley,Azure,2010,6
974,ac diam cras pellentesque volutpat,Toyota,Tacoma,2001,2
975,ipsum dolor sit amet consectetuer adipiscing,Toyota,Solara,2007,2
976,interdum in ante vestibulum ante ipsum primis,Suzuki,Sidekick,1990,5
977,phasellus sit amet erat nulla tempus vivamus in felis,Nissan,350Z,2003,3
978,ipsum primis in faucibus orci luctus,Lotus,Evora,2011,7
979,viverra eget congue eget semper rutrum nulla,Lincoln,LS,2006,1
980,ultrices mattis odio donec vitae,GMC,Savana,2008,7
981,in ante vestibulum ante ipsum primis in faucibus orci,Land Rover,Defender,1993,1
982,mauris laoreet ut rhoncus aliquet pulvinar sed nisl nunc rhoncus,Land Rover,Range Rover Sport,2009,2
983,mauris ullamcorper purus sit amet nulla,Chevrolet,Astro,1992,4
984,integer non velit donec diam neque vestibulum eget vulputate,Porsche,944,1991,3
985,elit sodales scelerisque mauris sit amet eros suspendisse accumsan,Chevrolet,Corvette,1954,2
986,in imperdiet et commodo vulputate justo,Pontiac,Sunbird,1991,6
987,eget semper rutrum nulla nunc purus phasellus in felis donec,Volkswagen,Cabriolet,1997,3
988,enim leo rhoncus sed vestibulum sit,Buick,Rendezvous,2006,7
989,ac nibh fusce lacus purus aliquet at feugiat non,Mercury,Grand Marquis,2004,1
990,posuere cubilia curae nulla dapibus dolor vel est,Lincoln,Continental,2001,2
991,nulla ut erat id mauris vulputate elementum nullam varius nulla,GMC,Yukon XL 2500,2012,3
992,sit amet sapien dignissim vestibulum vestibulum ante ipsum primis,Dodge,D250 Club,1993,6
993,ridiculus mus vivamus vestibulum sagittis,Ford,Expedition,2007,2
994,sociis natoque penatibus et magnis dis parturient montes nascetur ridiculus,Audi,Allroad,2002,7
995,velit id pretium iaculis diam erat,Dodge,Durango,1998,1
996,purus phasellus in felis donec semper sapien,Kia,Rondo,2008,3
997,ac neque duis bibendum morbi non quam,Isuzu,VehiCROSS,2000,4
998,cras mi pede malesuada in imperdiet et,BMW,5 Series,1999,4
999,quisque erat eros viverra eget congue eget,Nissan,Sentra,2008,4
1000,sapien cursus vestibulum proin eu mi nulla ac enim in,BMW,M Roadster,2007,2
